patient_aggregation,score_mode,class_name,patient_count,image_count,mean_score,std_score,detected_count,detection_rate
mean,mse,CNV,150,200,0.002898573653478495,0.0010780542756368113,150,1.0
mean,mse,CNV+DME,5,31,0.0027379257873528535,0.0012221842305916906,5,1.0
mean,mse,CNV+DME+DRUSEN,2,9,0.002357169854803942,0.0006688925676884216,2,1.0
mean,mse,CNV+DME+NORMAL,1,5,0.0016001780750229955,,1,1.0
mean,mse,CNV+DRUSEN,9,35,0.0020973522947891066,0.0005109323694919037,9,1.0
mean,mse,CNV+DRUSEN+NORMAL,1,4,0.0018157712474931031,,1,1.0
mean,mse,CNV+NORMAL,10,33,0.0016289036434110518,0.00043640054739321055,8,0.8
mean,mse,DME,145,198,0.0025540686685367135,0.0015953898924057986,133,0.9172413793103448
mean,mse,DME+DRUSEN,8,27,0.0020005655193623775,0.0009351325463221047,6,0.75
mean,mse,DME+NORMAL,6,26,0.001644696187300031,0.0007720073999980208,4,0.6666666666666666
mean,mse,DRUSEN,145,211,0.0013108334551610527,0.0007368418857692449,77,0.5310344827586206
mean,mse,DRUSEN+NORMAL,4,15,0.0009480966213491879,0.0003038879504881386,1,0.25
mean,mse,NORMAL,149,206,0.0008501931904764091,0.00031535695250179123,20,0.1342281879194631
mean,l1,CNV,150,200,0.03141691843916972,0.006121509370810067,148,0.9866666666666667
mean,l1,CNV+DME,5,31,0.030044520894686382,0.003624737075816229,5,1.0
mean,l1,CNV+DME+DRUSEN,2,9,0.028916992666199803,0.003951093126291756,2,1.0
mean,l1,CNV+DME+NORMAL,1,5,0.027617379277944564,,1,1.0
mean,l1,CNV+DRUSEN,9,35,0.026401140692609328,0.0025574212398397104,9,1.0
mean,l1,CNV+DRUSEN+NORMAL,1,4,0.02500421879813075,,1,1.0
mean,l1,CNV+NORMAL,10,33,0.023307770353165412,0.002862676103466419,8,0.8
mean,l1,DME,145,198,0.029400334742947898,0.007937196477204119,127,0.8758620689655172
mean,l1,DME+DRUSEN,8,27,0.026406133171015728,0.004956769245168071,6,0.75
mean,l1,DME+NORMAL,6,26,0.023502560240763522,0.003791055514355467,4,0.6666666666666666
mean,l1,DRUSEN,145,211,0.02214063294374113,0.0041305973173396465,73,0.503448275862069
mean,l1,DRUSEN+NORMAL,4,15,0.02008022349660418,0.00350745439857529,2,0.5
mean,l1,NORMAL,149,206,0.01961930356753086,0.0032706930739432303,38,0.2550335570469799
mean,ssim_error,CNV,150,200,0.2864656251458207,0.06610353087304614,137,0.9133333333333333
mean,ssim_error,CNV+DME,5,31,0.26829996161990693,0.015896188546995014,5,1.0
mean,ssim_error,CNV+DME+DRUSEN,2,9,0.2762756645679474,0.036483871504424774,2,1.0
mean,ssim_error,CNV+DME+NORMAL,1,5,0.28724035024642947,,1,1.0
mean,ssim_error,CNV+DRUSEN,9,35,0.23858569813296449,0.02830492889003973,8,0.8888888888888888
mean,ssim_error,CNV+DRUSEN+NORMAL,1,4,0.23357905447483063,,1,1.0
mean,ssim_error,CNV+NORMAL,10,33,0.20657244211151485,0.0333810195512364,6,0.6
mean,ssim_error,DME,145,198,0.26240538515578743,0.07293638665207294,112,0.7724137931034483
mean,ssim_error,DME+DRUSEN,8,27,0.24976819095512232,0.04002502499067743,8,1.0
mean,ssim_error,DME+NORMAL,6,26,0.21137111267400166,0.03470635833662258,4,0.6666666666666666
mean,ssim_error,DRUSEN,145,211,0.20950338890514023,0.05442293048277724,70,0.4827586206896552
mean,ssim_error,DRUSEN+NORMAL,4,15,0.18973439133593015,0.04384712799783093,2,0.5
mean,ssim_error,NORMAL,149,206,0.1870649738533118,0.051243564108149973,41,0.2751677852348993
mean,mse_ssim_score,CNV,150,200,0.05961198502436581,0.013813818874164566,141,0.94
mean,mse_ssim_score,CNV+DME,5,31,0.05585033370388879,0.003919757875334123,5,1.0
mean,mse_ssim_score,CNV+DME+DRUSEN,2,9,0.057140869460999964,0.007831889919078896,2,1.0
mean,mse_ssim_score,CNV+DME+NORMAL,1,5,0.05872821286320686,,1,1.0
mean,mse_ssim_score,CNV+DRUSEN,9,35,0.04939502207342824,0.00576788277603172,8,0.8888888888888888
mean,mse_ssim_score,CNV+DRUSEN+NORMAL,1,4,0.04816842917352915,,1,1.0
mean,mse_ssim_score,CNV+NORMAL,10,33,0.04261761181322592,0.006937568475564525,6,0.6
mean,mse_ssim_score,DME,145,198,0.05452433272425471,0.015556119570427213,115,0.7931034482758621
mean,mse_ssim_score,DME+DRUSEN,8,27,0.05155409175592164,0.008546143680250784,8,1.0
mean,mse_ssim_score,DME+NORMAL,6,26,0.04358997948852087,0.007366966792885441,4,0.6666666666666666
mean,mse_ssim_score,DRUSEN,145,211,0.04294934522046554,0.011167560165182075,72,0.496551724137931
mean,mse_ssim_score,DRUSEN+NORMAL,4,15,0.03870535588690213,0.009004999686948468,2,0.5
mean,mse_ssim_score,NORMAL,149,206,0.03809315001058665,0.010405731385365852,40,0.2684563758389262
mean,retina_band_mse,CNV,150,200,0.003333115958255913,0.0011714634922216508,149,0.9933333333333333
mean,retina_band_mse,CNV+DME,5,31,0.003353975696696175,0.0018301810978382026,5,1.0
mean,retina_band_mse,CNV+DME+DRUSEN,2,9,0.0029900334804551674,0.0004767854458737886,2,1.0
mean,retina_band_mse,CNV+DME+NORMAL,1,5,0.0019347782246768475,,1,1.0
mean,retina_band_mse,CNV+DRUSEN,9,35,0.002531276655976068,0.0005615657915532552,9,1.0
mean,retina_band_mse,CNV+DRUSEN+NORMAL,1,4,0.0023496751964557916,,1,1.0
mean,retina_band_mse,CNV+NORMAL,10,33,0.0019303175913158895,0.0005063590758049398,8,0.8
mean,retina_band_mse,DME,145,198,0.003016778741797283,0.0018219774277290531,131,0.903448275862069
mean,retina_band_mse,DME+DRUSEN,8,27,0.0022966937050417375,0.00100750287583164,7,0.875
mean,retina_band_mse,DME+NORMAL,6,26,0.0018303922587721091,0.0008876711198135271,4,0.6666666666666666
mean,retina_band_mse,DRUSEN,145,211,0.001617463045422612,0.0009474544287870146,82,0.5655172413793104
mean,retina_band_mse,DRUSEN+NORMAL,4,15,0.0010689909343325,0.00026936028802000786,1,0.25
mean,retina_band_mse,NORMAL,149,206,0.001030782884704595,0.0003639650270769341,17,0.11409395973154363
mean,retina_weighted_mse,CNV,150,200,0.003194865876401897,0.0011254830831351364,149,0.9933333333333333
mean,retina_weighted_mse,CNV+DME,5,31,0.0031416410546646354,0.0016045783875934718,5,1.0
mean,retina_weighted_mse,CNV+DME+DRUSEN,2,9,0.0027794713590992615,0.0005511915333939528,2,1.0
mean,retina_weighted_mse,CNV+DME+NORMAL,1,5,0.0018207400338724256,,1,1.0
mean,retina_weighted_mse,CNV+DRUSEN,9,35,0.0023874794901270254,0.0005390706728347633,9,1.0
mean,retina_weighted_mse,CNV+DRUSEN+NORMAL,1,4,0.0021785531716886908,,1,1.0
mean,retina_weighted_mse,CNV+NORMAL,10,33,0.0018277747984809269,0.00047566970373992616,8,0.8
mean,retina_weighted_mse,DME,145,198,0.002864270245592142,0.0017354389473615106,132,0.9103448275862069
mean,retina_weighted_mse,DME+DRUSEN,8,27,0.002196512980541835,0.0009831725286741652,7,0.875
mean,retina_weighted_mse,DME+NORMAL,6,26,0.0017690414415454374,0.000847947178838974,4,0.6666666666666666
mean,retina_weighted_mse,DRUSEN,145,211,0.0015125183894337969,0.0008611932957145799,82,0.5655172413793104
mean,retina_weighted_mse,DRUSEN+NORMAL,4,15,0.001027613242123542,0.00028273528609213403,1,0.25
mean,retina_weighted_mse,NORMAL,149,206,0.0009664369602955906,0.0003407233084367219,17,0.11409395973154363
mean,topk_mse_5,CNV,150,200,0.03538000929602093,0.013569824514607916,150,1.0
mean,topk_mse_5,CNV+DME,5,31,0.03423915519068639,0.019180134112543424,5,1.0
mean,topk_mse_5,CNV+DME+DRUSEN,2,9,0.028394435602240264,0.007288798701276001,2,1.0
mean,topk_mse_5,CNV+DME+NORMAL,1,5,0.014067908469587564,,1,1.0
mean,topk_mse_5,CNV+DRUSEN,9,35,0.025613963257471218,0.007352232706088846,9,1.0
mean,topk_mse_5,CNV+DRUSEN+NORMAL,1,4,0.022829164983704686,,1,1.0
mean,topk_mse_5,CNV+NORMAL,10,33,0.019755294886861174,0.005857321936580303,8,0.8
mean,topk_mse_5,DME,145,198,0.030583391300905708,0.02158368012853854,138,0.9517241379310345
mean,topk_mse_5,DME+DRUSEN,8,27,0.023749285528901966,0.012063051034574973,6,0.75
mean,topk_mse_5,DME+NORMAL,6,26,0.01996790389862976,0.011205671718764139,4,0.6666666666666666
mean,topk_mse_5,DRUSEN,145,211,0.015457183529704922,0.011398792395601678,76,0.5241379310344828
mean,topk_mse_5,DRUSEN+NORMAL,4,15,0.010045996883751025,0.0030079319683319686,1,0.25
mean,topk_mse_5,NORMAL,149,206,0.008382693462915536,0.004386815206967384,12,0.08053691275167785
mean,topk_mse_10,CNV,150,200,0.02200195898989573,0.008174444887798274,150,1.0
mean,topk_mse_10,CNV+DME,5,31,0.02113052752489845,0.010959803839259237,5,1.0
mean,topk_mse_10,CNV+DME+DRUSEN,2,9,0.01755562792532146,0.004666350828757439,2,1.0
mean,topk_mse_10,CNV+DME+NORMAL,1,5,0.009676531329751015,,1,1.0
mean,topk_mse_10,CNV+DRUSEN,9,35,0.015849752114499332,0.004261256456970269,9,1.0
mean,topk_mse_10,CNV+DRUSEN+NORMAL,1,4,0.013886059867218137,,1,1.0
mean,topk_mse_10,CNV+NORMAL,10,33,0.012277723478508137,0.003498394630699504,8,0.8
mean,topk_mse_10,DME,145,198,0.019141848937704646,0.012780103713480406,136,0.9379310344827586
mean,topk_mse_10,DME+DRUSEN,8,27,0.014697939328228434,0.007448766774074146,6,0.75
mean,topk_mse_10,DME+NORMAL,6,26,0.012348654319251341,0.006626243681708592,4,0.6666666666666666
mean,topk_mse_10,DRUSEN,145,211,0.009455586331865898,0.006426575195292556,75,0.5172413793103449
mean,topk_mse_10,DRUSEN+NORMAL,4,15,0.006415143775354539,0.0019613306705659607,1,0.25
mean,topk_mse_10,NORMAL,149,206,0.005453254261795823,0.0024155372545338555,12,0.08053691275167785
mean,ensemble_mse_l1,CNV,150,200,5.68590384003304,2.5307748610985725,150,1.0
mean,ensemble_mse_l1,CNV+DME,5,31,5.246056432865868,2.5262373679769397,5,1.0
mean,ensemble_mse_l1,CNV+DME+DRUSEN,2,9,4.45769901167232,1.620557598427688,2,1.0
mean,ensemble_mse_l1,CNV+DME+NORMAL,1,5,3.0029952569518232,,1,1.0
mean,ensemble_mse_l1,CNV+DRUSEN,9,35,3.710902092677062,1.1616522806794636,9,1.0
mean,ensemble_mse_l1,CNV+DRUSEN+NORMAL,1,4,3.0605532885476143,,1,1.0
mean,ensemble_mse_l1,CNV+NORMAL,10,33,2.53695219702297,1.0734002714864979,8,0.8
mean,ensemble_mse_l1,DME,145,198,4.8534531043454825,3.635116500790669,132,0.9103448275862069
mean,ensemble_mse_l1,DME+DRUSEN,8,27,3.545375046709368,2.1719971377527973,6,0.75
mean,ensemble_mse_l1,DME+NORMAL,6,26,2.5873515656636084,1.7601503233635984,4,0.6666666666666666
mean,ensemble_mse_l1,DRUSEN,145,211,1.8514515828530578,1.6953824143126754,83,0.5724137931034483
mean,ensemble_mse_l1,DRUSEN+NORMAL,4,15,0.9824671191132109,0.9373945854214861,1,0.25
mean,ensemble_mse_l1,NORMAL,149,206,0.7593091773745357,0.8900985909510516,25,0.16778523489932887
mean,ensemble_mse_l1_ssim,CNV,150,200,4.620772889631084,1.954837898616278,149,0.9933333333333333
mean,ensemble_mse_l1_ssim,CNV+DME,5,31,4.234026013828452,1.7428584217167664,5,1.0
mean,ensemble_mse_l1_ssim,CNV+DME+DRUSEN,2,9,3.7495126314415788,1.2681875600358135,2,1.0
mean,ensemble_mse_l1_ssim,CNV+DME+NORMAL,1,5,2.836155385659344,,1,1.0
mean,ensemble_mse_l1_ssim,CNV+DRUSEN,9,35,3.0576233182189934,0.8336119165831313,9,1.0
mean,ensemble_mse_l1_ssim,CNV+DRUSEN+NORMAL,1,4,2.5982836785241568,,1,1.0
mean,ensemble_mse_l1_ssim,CNV+NORMAL,10,33,2.1101885701023564,0.8607298207326887,8,0.8
mean,ensemble_mse_l1_ssim,DME,145,198,3.9419456896084535,2.731934085071543,128,0.8827586206896552
mean,ensemble_mse_l1_ssim,DME+DRUSEN,8,27,3.0048384640188304,1.610349079133016,7,0.875
mean,ensemble_mse_l1_ssim,DME+NORMAL,6,26,2.168491291889922,1.3074469515520053,4,0.6666666666666666
mean,ensemble_mse_l1_ssim,DRUSEN,145,211,1.6682764222748918,1.3153991833569925,81,0.5586206896551724
mean,ensemble_mse_l1_ssim,DRUSEN+NORMAL,4,15,0.9871843498815822,0.8481226781689615,1,0.25
mean,ensemble_mse_l1_ssim,NORMAL,149,206,0.8246704574680119,0.8165454322963135,30,0.20134228187919462
mean,ensemble_mse_retina,CNV,150,200,6.683508185263968,3.134449156443053,149,0.9933333333333333
mean,ensemble_mse_retina,CNV+DME,5,31,6.43169236412122,4.195117315348756,5,1.0
mean,ensemble_mse_retina,CNV+DME+DRUSEN,2,9,5.36085017958243,1.6947897330867452,2,1.0
mean,ensemble_mse_retina,CNV+DME+NORMAL,1,5,2.8515430460762516,,1,1.0
mean,ensemble_mse_retina,CNV+DRUSEN,9,35,4.388866123728253,1.4861158372253005,9,1.0
mean,ensemble_mse_retina,CNV+DRUSEN+NORMAL,1,4,3.69732864751684,,1,1.0
mean,ensemble_mse_retina,CNV+NORMAL,10,33,2.895732580947106,1.3119099452474727,8,0.8
mean,ensemble_mse_retina,DME,145,198,5.729473293426812,4.775391338063635,131,0.903448275862069
mean,ensemble_mse_retina,DME+DRUSEN,8,27,3.9537566368999864,2.730961535575048,7,0.875
mean,ensemble_mse_retina,DME+NORMAL,6,26,2.808259014065323,2.3366420751729007,4,0.6666666666666666
mean,ensemble_mse_retina,DRUSEN,145,211,1.9910635813978714,2.307891343794012,80,0.5517241379310345
mean,ensemble_mse_retina,DRUSEN+NORMAL,4,15,0.7395573270148756,0.8283339063667705,1,0.25
mean,ensemble_mse_retina,NORMAL,149,206,0.5277052510924766,0.9346979367933703,15,0.10067114093959731
mean,ensemble_mse_ssim_topk,CNV,150,200,6.3923647179711995,2.8242530856225527,150,1.0
mean,ensemble_mse_ssim_topk,CNV+DME,5,31,5.99513162053488,3.466226289910419,5,1.0
mean,ensemble_mse_ssim_topk,CNV+DME+DRUSEN,2,9,4.986272072071674,1.7191984403599783,2,1.0
mean,ensemble_mse_ssim_topk,CNV+DME+NORMAL,1,5,2.670916987510852,,1,1.0
mean,ensemble_mse_ssim_topk,CNV+DRUSEN,9,35,4.202742677963938,1.3683211444909635,9,1.0
mean,ensemble_mse_ssim_topk,CNV+DRUSEN+NORMAL,1,4,3.5621064758022634,,1,1.0
mean,ensemble_mse_ssim_topk,CNV+NORMAL,10,33,2.8862141173904132,1.2335611936136355,8,0.8
mean,ensemble_mse_ssim_topk,DME,145,198,5.370214583278532,4.328841933431323,133,0.9172413793103448
mean,ensemble_mse_ssim_topk,DME+DRUSEN,8,27,3.953597042362655,2.4623440610050484,6,0.75
mean,ensemble_mse_ssim_topk,DME+NORMAL,6,26,2.9513315716728346,2.173703850879462,4,0.6666666666666666
mean,ensemble_mse_ssim_topk,DRUSEN,145,211,2.0856496809384386,2.141946737862348,83,0.5724137931034483
mean,ensemble_mse_ssim_topk,DRUSEN+NORMAL,4,15,1.0001422219676175,0.877351630319123,1,0.25
mean,ensemble_mse_ssim_topk,NORMAL,149,206,0.6995732355037981,0.9255998820364232,19,0.12751677852348994
mean,ensemble_l1_ssim_topk,CNV,150,200,5.021994295828321,2.028131952300781,150,1.0
mean,ensemble_l1_ssim_topk,CNV+DME,5,31,4.69917588664204,2.351758104731079,5,1.0
mean,ensemble_l1_ssim_topk,CNV+DME+DRUSEN,2,9,4.036113329970812,1.268794328088272,2,1.0
mean,ensemble_l1_ssim_topk,CNV+DME+NORMAL,1,5,2.483348636119353,,1,1.0
mean,ensemble_l1_ssim_topk,CNV+DRUSEN,9,35,3.3493177147422744,0.9734022922287546,9,1.0
mean,ensemble_l1_ssim_topk,CNV+DRUSEN+NORMAL,1,4,2.919520270013572,,1,1.0
mean,ensemble_l1_ssim_topk,CNV+NORMAL,10,33,2.3222112765473724,0.952707582299816,8,0.8
mean,ensemble_l1_ssim_topk,DME,145,198,4.2332844923771855,3.087025676502553,132,0.9103448275862069
mean,ensemble_l1_ssim_topk,DME+DRUSEN,8,27,3.211319450613866,1.765549240103496,8,1.0
mean,ensemble_l1_ssim_topk,DME+NORMAL,6,26,2.384786714281525,1.5794364868132031,4,0.6666666666666666
mean,ensemble_l1_ssim_topk,DRUSEN,145,211,1.7925572859440821,1.5806305646446979,89,0.6137931034482759
mean,ensemble_l1_ssim_topk,DRUSEN+NORMAL,4,15,0.957858340048034,0.8064218883168677,1,0.25
mean,ensemble_l1_ssim_topk,NORMAL,149,206,0.7325716192454197,0.7880704069250865,23,0.15436241610738255
mean,ensemble_mse_l1_retina,CNV,150,200,5.665788192448886,2.5303558722270654,149,0.9933333333333333
mean,ensemble_mse_l1_retina,CNV+DME,5,31,5.388502520089683,3.0813881710087148,5,1.0
mean,ensemble_mse_l1_retina,CNV+DME+DRUSEN,2,9,4.5847204192286295,1.444843632064541,2,1.0
mean,ensemble_mse_l1_retina,CNV+DME+NORMAL,1,5,2.808242940672359,,1,1.0
mean,ensemble_mse_l1_retina,CNV+DRUSEN,9,35,3.7361656317670233,1.1720452429897765,9,1.0
mean,ensemble_mse_l1_retina,CNV+DRUSEN+NORMAL,1,4,3.163777091632752,,1,1.0
mean,ensemble_mse_l1_retina,CNV+NORMAL,10,33,2.49413769921754,1.086122923557417,8,0.8
mean,ensemble_mse_l1_retina,DME,145,198,4.869001518282362,3.7771864013255847,130,0.896551724137931
mean,ensemble_mse_l1_retina,DME+DRUSEN,8,27,3.4464906442953858,2.197610410296056,8,1.0
mean,ensemble_mse_l1_retina,DME+NORMAL,6,26,2.4513507692357637,1.8459658107212256,4,0.6666666666666666
mean,ensemble_mse_l1_retina,DRUSEN,145,211,1.7979800510524218,1.8138440245041065,82,0.5655172413793104
mean,ensemble_mse_l1_retina,DRUSEN+NORMAL,4,15,0.7993853167545288,0.8282944763715905,1,0.25
mean,ensemble_mse_l1_retina,NORMAL,149,206,0.6214057517239737,0.8452054056418343,20,0.1342281879194631
mean,ensemble_all_base,CNV,150,200,5.805297236259501,2.50953380313615,150,1.0
mean,ensemble_all_base,CNV+DME,5,31,5.512383379958104,3.200110967612686,5,1.0
mean,ensemble_all_base,CNV+DME+DRUSEN,2,9,4.659147159479157,1.4566751393925317,2,1.0
mean,ensemble_all_base,CNV+DME+NORMAL,1,5,2.6400995425352063,,1,1.0
mean,ensemble_all_base,CNV+DRUSEN,9,35,3.8431780675876817,1.1968741923890251,9,1.0
mean,ensemble_all_base,CNV+DRUSEN+NORMAL,1,4,3.30223035109413,,1,1.0
mean,ensemble_all_base,CNV+NORMAL,10,33,2.603568434183291,1.1083454785924924,8,0.8
mean,ensemble_all_base,DME,145,198,4.929261050071501,3.8440485207008663,132,0.9103448275862069
mean,ensemble_all_base,DME+DRUSEN,8,27,3.565254986628032,2.196430660826344,8,1.0
mean,ensemble_all_base,DME+NORMAL,6,26,2.5987637100196532,1.9312924494784645,4,0.6666666666666666
mean,ensemble_all_base,DRUSEN,145,211,1.8962454185496038,1.9017543959795915,89,0.6137931034482759
mean,ensemble_all_base,DRUSEN+NORMAL,4,15,0.8724034580789258,0.811414430724571,1,0.25
mean,ensemble_all_base,NORMAL,149,206,0.647610600688407,0.8421266591025853,19,0.12751677852348994
max,mse,CNV,150,200,0.0030290243774652482,0.001298622458359083,97,0.6466666666666666
max,mse,CNV+DME,5,31,0.004382707783952356,0.0022844450484859765,3,0.6
max,mse,CNV+DME+DRUSEN,2,9,0.003356671892106533,0.001472132783657842,1,0.5
max,mse,CNV+DME+NORMAL,1,5,0.002816276391968131,,1,1.0
max,mse,CNV+DRUSEN,9,35,0.0032793303382479483,0.001213753780371493,7,0.7777777777777778
max,mse,CNV+DRUSEN+NORMAL,1,4,0.003534924238920212,,1,1.0
max,mse,CNV+NORMAL,10,33,0.002849711594171822,0.0011786544500291055,6,0.6
max,mse,DME,145,198,0.002770577811892947,0.0017903663581260057,64,0.4413793103448276
max,mse,DME+DRUSEN,8,27,0.003119698041700758,0.002147828224633875,5,0.625
max,mse,DME+NORMAL,6,26,0.0030949137872084975,0.0018701019026787931,4,0.6666666666666666
max,mse,DRUSEN,145,211,0.0014156776243531754,0.0008593819469182396,12,0.08275862068965517
max,mse,DRUSEN+NORMAL,4,15,0.0011487241717986763,0.00032062398771971165,0,0.0
max,mse,NORMAL,149,206,0.0008942000292500969,0.0003528990314233675,2,0.013422818791946308
max,l1,CNV,150,200,0.0320672153433164,0.00646305215692193,74,0.49333333333333335
max,l1,CNV+DME,5,31,0.03577133528888225,0.0074406484730321415,3,0.6
max,l1,CNV+DME+DRUSEN,2,9,0.036678655073046684,0.010160227500865851,1,0.5
max,l1,CNV+DME+NORMAL,1,5,0.03601052612066269,,1,1.0
max,l1,CNV+DRUSEN,9,35,0.0335832339608007,0.005378333846235691,5,0.5555555555555556
max,l1,CNV+DRUSEN+NORMAL,1,4,0.03183282911777496,,1,1.0
max,l1,CNV+NORMAL,10,33,0.029780959337949754,0.005969586196200577,4,0.4
max,l1,DME,145,198,0.030426782960521762,0.008658303537463849,56,0.38620689655172413
max,l1,DME+DRUSEN,8,27,0.03180649736896157,0.008555523084110984,4,0.5
max,l1,DME+NORMAL,6,26,0.03029130306094885,0.007266914217438873,3,0.5
max,l1,DRUSEN,145,211,0.02280417324910904,0.00453071977589935,6,0.041379310344827586
max,l1,DRUSEN+NORMAL,4,15,0.02295152610167861,0.004601673083247798,0,0.0
max,l1,NORMAL,149,206,0.020207565659094578,0.0037774368814931635,2,0.013422818791946308
max,ssim_error,CNV,150,200,0.29338247179985044,0.06848258552959043,35,0.23333333333333334
max,ssim_error,CNV+DME,5,31,0.3159715414047241,0.047707115415915435,2,0.4
max,ssim_error,CNV+DME+DRUSEN,2,9,0.36744821071624756,0.06363887526575125,1,0.5
max,ssim_error,CNV+DME+NORMAL,1,5,0.3350600600242615,,0,0.0
max,ssim_error,CNV+DRUSEN,9,35,0.3033679127693176,0.03470546628692546,2,0.2222222222222222
max,ssim_error,CNV+DRUSEN+NORMAL,1,4,0.2732353210449219,,0,0.0
max,ssim_error,CNV+NORMAL,10,33,0.26693745851516726,0.05836377786272564,1,0.1
max,ssim_error,DME,145,198,0.27026078125526165,0.07645281005058799,21,0.14482758620689656
max,ssim_error,DME+DRUSEN,8,27,0.303680457174778,0.05902472388546182,2,0.25
max,ssim_error,DME+NORMAL,6,26,0.2548817992210388,0.049822255391755485,0,0.0
max,ssim_error,DRUSEN,145,211,0.21892928994935135,0.0606578082290684,4,0.027586206896551724
max,ssim_error,DRUSEN+NORMAL,4,15,0.23764264583587646,0.074719495758241,0,0.0
max,ssim_error,NORMAL,149,206,0.19609796080813313,0.059469239732190524,5,0.03355704697986577
max,mse_ssim_score,CNV,150,200,0.06106531692047914,0.014369517767095307,36,0.24
max,mse_ssim_score,CNV+DME,5,31,0.06554626226425171,0.010220028655023913,2,0.4
max,mse_ssim_score,CNV+DME+DRUSEN,2,9,0.07613549008965492,0.013961338498408011,1,0.5
max,mse_ssim_score,CNV+DME+NORMAL,1,5,0.06926503032445908,,0,0.0
max,mse_ssim_score,CNV+DRUSEN,9,35,0.06314768228265974,0.007117244434526702,2,0.2222222222222222
max,mse_ssim_score,CNV+DRUSEN+NORMAL,1,4,0.057475004345178604,,0,0.0
max,mse_ssim_score,CNV+NORMAL,10,33,0.05542399510741234,0.012429286435463689,1,0.1
max,mse_ssim_score,DME,145,198,0.0562251164610016,0.016350217783503228,23,0.15862068965517243
max,mse_ssim_score,DME+DRUSEN,8,27,0.06296617025509477,0.012574656294783321,2,0.25
max,mse_ssim_score,DME+NORMAL,6,26,0.05276568109790484,0.010900764495355248,0,0.0
max,mse_ssim_score,DRUSEN,145,211,0.04486137886756453,0.012431803267182021,4,0.027586206896551724
max,mse_ssim_score,DRUSEN+NORMAL,4,15,0.04843494854867458,0.0151799473709636,0,0.0
max,mse_ssim_score,NORMAL,149,206,0.03993401647664156,0.012085915587842975,5,0.03355704697986577
max,retina_band_mse,CNV,150,200,0.003486655488765488,0.0014429715442077732,91,0.6066666666666667
max,retina_band_mse,CNV+DME,5,31,0.00471079652197659,0.0025270220627124883,3,0.6
max,retina_band_mse,CNV+DME+DRUSEN,2,9,0.003944917698390782,0.0006402275864015609,2,1.0
max,retina_band_mse,CNV+DME+NORMAL,1,5,0.003185916692018509,,1,1.0
max,retina_band_mse,CNV+DRUSEN,9,35,0.0038953477568510505,0.00116726870499525,7,0.7777777777777778
max,retina_band_mse,CNV+DRUSEN+NORMAL,1,4,0.00453139515593648,,1,1.0
max,retina_band_mse,CNV+NORMAL,10,33,0.0032986142206937073,0.001466521581646902,6,0.6
max,retina_band_mse,DME,145,198,0.0032505761968485754,0.0020086498543480926,66,0.45517241379310347
max,retina_band_mse,DME+DRUSEN,8,27,0.003485339038888924,0.0026014640302461332,4,0.5
max,retina_band_mse,DME+NORMAL,6,26,0.00343187601538375,0.002333938734580287,3,0.5
max,retina_band_mse,DRUSEN,145,211,0.001735849155450304,0.0010748007839536692,10,0.06896551724137931
max,retina_band_mse,DRUSEN+NORMAL,4,15,0.001293882422032766,0.00034237845318954157,0,0.0
max,retina_band_mse,NORMAL,149,206,0.0010818090663297765,0.00041671246782743236,2,0.013422818791946308
max,retina_weighted_mse,CNV,150,200,0.0033309858509649832,0.001376104132444826,102,0.68
max,retina_weighted_mse,CNV+DME,5,31,0.004453911865130067,0.002255465616970372,3,0.6
max,retina_weighted_mse,CNV+DME+DRUSEN,2,9,0.0037435931153595448,0.0009249435421634447,2,1.0
max,retina_weighted_mse,CNV+DME+NORMAL,1,5,0.003083947114646435,,1,1.0
max,retina_weighted_mse,CNV+DRUSEN,9,35,0.0036872647599213654,0.0011402957342795277,7,0.7777777777777778
max,retina_weighted_mse,CNV+DRUSEN+NORMAL,1,4,0.00422478886321187,,1,1.0
max,retina_weighted_mse,CNV+NORMAL,10,33,0.0031091141980141403,0.0012828654915392108,6,0.6
max,retina_weighted_mse,DME,145,198,0.0030856340878707323,0.0019038026342585856,70,0.4827586206896552
max,retina_weighted_mse,DME+DRUSEN,8,27,0.0033593866537557915,0.0024183125324917986,4,0.5
max,retina_weighted_mse,DME+NORMAL,6,26,0.003324871494745215,0.0021747374076340024,3,0.5
max,retina_weighted_mse,DRUSEN,145,211,0.0016240305773078882,0.0009860296617423341,13,0.0896551724137931
max,retina_weighted_mse,DRUSEN+NORMAL,4,15,0.0012322263064561412,0.00031324662889947665,0,0.0
max,retina_weighted_mse,NORMAL,149,206,0.00101095899836404,0.00038402598783663966,1,0.006711409395973154
max,topk_mse_5,CNV,150,200,0.03724626279746493,0.01813641958839294,91,0.6066666666666667
max,topk_mse_5,CNV+DME,5,31,0.061032337695360185,0.03721201376150609,3,0.6
max,topk_mse_5,CNV+DME+DRUSEN,2,9,0.04132330138236284,0.0181535419570839,1,0.5
max,topk_mse_5,CNV+DME+NORMAL,1,5,0.025263160467147827,,0,0.0
max,topk_mse_5,CNV+DRUSEN,9,35,0.03872551769018173,0.014376413374355792,5,0.5555555555555556
max,topk_mse_5,CNV+DRUSEN+NORMAL,1,4,0.05073103308677673,,1,1.0
max,topk_mse_5,CNV+NORMAL,10,33,0.03733945870772004,0.017989731993371796,6,0.6
max,topk_mse_5,DME,145,198,0.03330364941201847,0.02429947825469155,55,0.3793103448275862
max,topk_mse_5,DME+DRUSEN,8,27,0.04069833899848163,0.03387708896910486,3,0.375
max,topk_mse_5,DME+NORMAL,6,26,0.04227913388361534,0.034387152482156604,3,0.5
max,topk_mse_5,DRUSEN,145,211,0.016995197081745697,0.01381081023325482,11,0.07586206896551724
max,topk_mse_5,DRUSEN+NORMAL,4,15,0.01313767465762794,0.0040130437560918965,0,0.0
max,topk_mse_5,NORMAL,149,206,0.008743494111519532,0.004591269682115927,2,0.013422818791946308
max,topk_mse_10,CNV,150,200,0.023080338599781196,0.010441841437885964,100,0.6666666666666666
max,topk_mse_10,CNV+DME,5,31,0.036307071521878245,0.02066349954995538,3,0.6
max,topk_mse_10,CNV+DME+DRUSEN,2,9,0.024604777805507183,0.009335812753479493,1,0.5
max,topk_mse_10,CNV+DME+NORMAL,1,5,0.01742403954267502,,0,0.0
max,topk_mse_10,CNV+DRUSEN,9,35,0.024546242422527738,0.00934996347296242,6,0.6666666666666666
max,topk_mse_10,CNV+DRUSEN+NORMAL,1,4,0.029936304315924644,,1,1.0
max,topk_mse_10,CNV+NORMAL,10,33,0.02265494503080845,0.01005272613106974,6,0.6
max,topk_mse_10,DME,145,198,0.02084294557571411,0.014369255141067063,60,0.41379310344827586
max,topk_mse_10,DME+DRUSEN,8,27,0.02447023766580969,0.019575357356940205,4,0.5
max,topk_mse_10,DME+NORMAL,6,26,0.025224548298865557,0.017995128509376936,4,0.6666666666666666
max,topk_mse_10,DRUSEN,145,211,0.010326791170920278,0.007676495971252021,11,0.07586206896551724
max,topk_mse_10,DRUSEN+NORMAL,4,15,0.008200008771382272,0.002410668991158455,0,0.0
max,topk_mse_10,NORMAL,149,206,0.005685505591607934,0.0025607095565533537,2,0.013422818791946308
max,ensemble_mse_l1,CNV,150,200,5.982500941437908,2.929405488312729,100,0.6666666666666666
max,ensemble_mse_l1,CNV+DME,5,31,8.602427210525699,4.692503862260239,3,0.6
max,ensemble_mse_l1,CNV+DME+DRUSEN,2,9,7.016649340953857,3.861559918986421,1,0.5
max,ensemble_mse_l1,CNV+DME+NORMAL,1,5,6.0939577307150365,,1,1.0
max,ensemble_mse_l1,CNV+DRUSEN,9,35,6.598481788220316,2.6979071198634177,8,0.8888888888888888
max,ensemble_mse_l1,CNV+DRUSEN+NORMAL,1,4,6.827865943829569,,1,1.0
max,ensemble_mse_l1,CNV+NORMAL,10,33,5.391985569242755,2.6914441075782563,6,0.6
max,ensemble_mse_l1,DME,145,198,5.347690492725257,4.049843336380365,71,0.4896551724137931
max,ensemble_mse_l1,DME+DRUSEN,8,27,5.999197519963318,4.412458182741507,5,0.625
max,ensemble_mse_l1,DME+NORMAL,6,26,5.757762946636649,3.764019915791011,4,0.6666666666666666
max,ensemble_mse_l1,DRUSEN,145,211,2.107208294003935,1.931095844472379,13,0.0896551724137931
max,ensemble_mse_l1,DRUSEN+NORMAL,4,15,1.643226214373401,1.0655893758673995,0,0.0
max,ensemble_mse_l1,NORMAL,149,206,0.9048532439586745,1.0163632338107376,2,0.013422818791946308
max,ensemble_mse_l1_ssim,CNV,150,200,4.844045748274993,2.213886543029313,89,0.5933333333333334
max,ensemble_mse_l1_ssim,CNV+DME,5,31,6.504076886975253,3.216164051093999,3,0.6
max,ensemble_mse_l1_ssim,CNV+DME+DRUSEN,2,9,5.9248279315141295,2.9019807272813942,1,0.5
max,ensemble_mse_l1_ssim,CNV+DME+NORMAL,1,5,5.142968781537522,,1,1.0
max,ensemble_mse_l1_ssim,CNV+DRUSEN,9,35,5.3078197860033764,1.8680074162339644,7,0.7777777777777778
max,ensemble_mse_l1_ssim,CNV+DRUSEN+NORMAL,1,4,5.31397249298785,,1,1.0
max,ensemble_mse_l1_ssim,CNV+NORMAL,10,33,4.2671714001172445,2.040399013565011,6,0.6
max,ensemble_mse_l1_ssim,DME,145,198,4.30722729597146,3.0195736710639602,63,0.43448275862068964
max,ensemble_mse_l1_ssim,DME+DRUSEN,8,27,4.795849760374878,2.972055520350618,5,0.625
max,ensemble_mse_l1_ssim,DME+NORMAL,6,26,4.378930960993557,2.58467758170336,4,0.6666666666666666
max,ensemble_mse_l1_ssim,DRUSEN,145,211,1.8714111569468193,1.4711257641141704,11,0.07586206896551724
max,ensemble_mse_l1_ssim,DRUSEN+NORMAL,4,15,1.6743179806931985,1.0927846505767593,0,0.0
max,ensemble_mse_l1_ssim,NORMAL,149,206,0.9679702191136118,0.9450602237880641,2,0.013422818791946308
max,ensemble_mse_retina,CNV,150,200,7.052370899066764,3.8048632701953675,101,0.6733333333333333
max,ensemble_mse_retina,CNV+DME,5,31,10.46472056045019,6.499903902359525,3,0.6
max,ensemble_mse_retina,CNV+DME+DRUSEN,2,9,8.171309157098905,3.260876405235994,2,1.0
max,ensemble_mse_retina,CNV+DME+NORMAL,1,5,6.373467220169145,,1,1.0
max,ensemble_mse_retina,CNV+DRUSEN,9,35,7.98172116666545,3.291208735158356,7,0.7777777777777778
max,ensemble_mse_retina,CNV+DRUSEN+NORMAL,1,4,9.149746680661577,,1,1.0
max,ensemble_mse_retina,CNV+NORMAL,10,33,6.460479716132468,3.4511480043137657,6,0.6
max,ensemble_mse_retina,DME,145,198,6.354297807079337,5.28426251091543,71,0.4896551724137931
max,ensemble_mse_retina,DME+DRUSEN,8,27,7.237591502476835,6.531465232399544,4,0.5
max,ensemble_mse_retina,DME+NORMAL,6,26,7.133748425401381,5.874790761715679,4,0.6666666666666666
max,ensemble_mse_retina,DRUSEN,145,211,2.2984649096283105,2.6577474259416682,12,0.08275862068965517
max,ensemble_mse_retina,DRUSEN+NORMAL,4,15,1.28529642544669,0.8416184719412885,0,0.0
max,ensemble_mse_retina,NORMAL,149,206,0.6500892101277609,1.0506999766357101,1,0.006711409395973154
max,ensemble_mse_ssim_topk,CNV,150,200,6.749774913856189,3.537496580756857,99,0.66
max,ensemble_mse_ssim_topk,CNV+DME,5,31,10.68517976339331,6.632428842357593,3,0.6
max,ensemble_mse_ssim_topk,CNV+DME+DRUSEN,2,9,7.341757564256412,3.4322542318649765,1,0.5
max,ensemble_mse_ssim_topk,CNV+DME+NORMAL,1,5,5.485154871856935,,1,1.0
max,ensemble_mse_ssim_topk,CNV+DRUSEN,9,35,7.237981067889809,2.9285264263990296,7,0.7777777777777778
max,ensemble_mse_ssim_topk,CNV+DRUSEN+NORMAL,1,4,8.665677975340587,,1,1.0
max,ensemble_mse_ssim_topk,CNV+NORMAL,10,33,6.384720302379624,3.4244351771484256,6,0.6
max,ensemble_mse_ssim_topk,DME,145,198,5.9393715587993565,4.837299235467788,61,0.4206896551724138
max,ensemble_mse_ssim_topk,DME+DRUSEN,8,27,7.166167567878697,6.0013996218423,4,0.5
max,ensemble_mse_ssim_topk,DME+NORMAL,6,26,7.052324192238083,5.753662169342162,4,0.6666666666666666
max,ensemble_mse_ssim_topk,DRUSEN,145,211,2.3877060555541725,2.5144138936783462,12,0.08275862068965517
max,ensemble_mse_ssim_topk,DRUSEN+NORMAL,4,15,1.6493472308451418,0.9755248219272987,0,0.0
max,ensemble_mse_ssim_topk,NORMAL,149,206,0.8278347438681765,1.0192896257704065,2,0.013422818791946308
max,ensemble_l1_ssim_topk,CNV,150,200,5.277081577448797,2.494332207848445,104,0.6933333333333334
max,ensemble_l1_ssim_topk,CNV+DME,5,31,7.862683564121484,4.521201406757213,3,0.6
max,ensemble_l1_ssim_topk,CNV+DME+DRUSEN,2,9,5.923161864395038,2.4778413363959273,2,1.0
max,ensemble_l1_ssim_topk,CNV+DME+NORMAL,1,5,4.575159530353871,,1,1.0
max,ensemble_l1_ssim_topk,CNV+DRUSEN,9,35,5.604625617143633,1.9409783567045675,8,0.8888888888888888
max,ensemble_l1_ssim_topk,CNV+DRUSEN+NORMAL,1,4,6.600312843863808,,1,1.0
max,ensemble_l1_ssim_topk,CNV+NORMAL,10,33,4.930226299696049,2.5047038143388303,6,0.6
max,ensemble_l1_ssim_topk,DME,145,198,4.6364469644979405,3.422767626488455,69,0.47586206896551725
max,ensemble_l1_ssim_topk,DME+DRUSEN,8,27,5.498611410592626,4.015968776485169,5,0.625
max,ensemble_l1_ssim_topk,DME+NORMAL,6,26,5.280530982466378,3.934962513193575,4,0.6666666666666666
max,ensemble_l1_ssim_topk,DRUSEN,145,211,2.025780583084664,1.825360555937776,14,0.09655172413793103
max,ensemble_l1_ssim_topk,DRUSEN+NORMAL,4,15,1.533596588905707,0.8925386720906566,0,0.0
max,ensemble_l1_ssim_topk,NORMAL,149,206,0.8570869575280833,0.8794764957030649,3,0.020134228187919462
max,ensemble_mse_l1_retina,CNV,150,200,5.9570579766897875,2.9871175762421798,104,0.6933333333333334
max,ensemble_mse_l1_retina,CNV+DME,5,31,8.432708010839448,4.84570918368203,3,0.6
max,ensemble_mse_l1_retina,CNV+DME+DRUSEN,2,9,7.01376181867891,3.0735064440601447,2,1.0
max,ensemble_mse_l1_retina,CNV+DME+NORMAL,1,5,5.825299719599577,,1,1.0
max,ensemble_mse_l1_retina,CNV+DRUSEN,9,35,6.703963648477317,2.5800095897066124,8,0.8888888888888888
max,ensemble_mse_l1_retina,CNV+DRUSEN+NORMAL,1,4,7.343103869312517,,1,1.0
max,ensemble_mse_l1_retina,CNV+NORMAL,10,33,5.377067999160776,2.7425454106153104,6,0.6
max,ensemble_mse_l1_retina,DME,145,198,5.366840205948451,4.170214454726988,73,0.503448275862069
max,ensemble_mse_l1_retina,DME+DRUSEN,8,27,5.991015429662627,4.828034589376018,5,0.625
max,ensemble_mse_l1_retina,DME+NORMAL,6,26,5.789189994260618,4.270603355004974,4,0.6666666666666666
max,ensemble_mse_l1_retina,DRUSEN,145,211,2.0482085566408745,2.0626262357444296,14,0.09655172413793103
max,ensemble_mse_l1_retina,DRUSEN+NORMAL,4,15,1.3473715863956386,0.8650087374044934,0,0.0
max,ensemble_mse_l1_retina,NORMAL,149,206,0.7458012906228187,0.9594931512866955,2,0.013422818791946308
max,ensemble_all_base,CNV,150,200,6.1103709834621895,3.074323253582746,104,0.6933333333333334
max,ensemble_all_base,CNV+DME,5,31,9.103896408174702,5.457107743279179,3,0.6
max,ensemble_all_base,CNV+DME+DRUSEN,2,9,6.814445578079594,2.9583279567080054,2,1.0
max,ensemble_all_base,CNV+DME+NORMAL,1,5,5.325868111840207,,1,1.0
max,ensemble_all_base,CNV+DRUSEN,9,35,6.7092123506382615,2.528482959128418,7,0.7777777777777778
max,ensemble_all_base,CNV+DRUSEN+NORMAL,1,4,7.845798550326755,,1,1.0
max,ensemble_all_base,CNV+NORMAL,10,33,5.661922141300476,2.909859410292462,6,0.6
max,ensemble_all_base,DME,145,198,5.433038435341986,4.2571080303395155,71,0.4896551724137931
max,ensemble_all_base,DME+DRUSEN,8,27,6.323510716526896,5.154447520169347,5,0.625
max,ensemble_all_base,DME+NORMAL,6,26,6.1566014696854685,4.843108959028697,4,0.6666666666666666
max,ensemble_all_base,DRUSEN,145,211,2.1595245467478765,2.1964296386722046,12,0.08275862068965517
max,ensemble_all_base,DRUSEN+NORMAL,4,15,1.4214878772459758,0.8482829668759763,0,0.0
max,ensemble_all_base,NORMAL,149,206,0.7682163937687293,0.9410163299656592,2,0.013422818791946308
top2_mean,mse,CNV,150,200,0.002929316034230093,0.0010855778928225708,124,0.8266666666666667
top2_mean,mse,CNV+DME,5,31,0.0037505718995817007,0.0018199050695792637,3,0.6
top2_mean,mse,CNV+DME+DRUSEN,2,9,0.003168536932207644,0.0012758863556428647,2,1.0
top2_mean,mse,CNV+DME+NORMAL,1,5,0.0023188332561403513,,1,1.0
top2_mean,mse,CNV+DRUSEN,9,35,0.002533818051839868,0.0010009044790670082,5,0.5555555555555556
top2_mean,mse,CNV+DRUSEN+NORMAL,1,4,0.0026154714869335294,,1,1.0
top2_mean,mse,CNV+NORMAL,10,33,0.002147553482791409,0.0010278296213222643,5,0.5
top2_mean,mse,DME,145,198,0.0026189431817078127,0.001637790878623736,80,0.5517241379310345
top2_mean,mse,DME+DRUSEN,8,27,0.002641451959789265,0.0017901009520972788,5,0.625
top2_mean,mse,DME+NORMAL,6,26,0.0026086210176193467,0.0016247335705171235,4,0.6666666666666666
top2_mean,mse,DRUSEN,145,211,0.0013380219012795915,0.0007509279477162245,13,0.0896551724137931
top2_mean,mse,DRUSEN+NORMAL,4,15,0.0010643232526490465,0.0004062539290900207,0,0.0
top2_mean,mse,NORMAL,149,206,0.0008614133782106633,0.000321464543969588,3,0.020134228187919462
top2_mean,l1,CNV,150,200,0.03158213927100102,0.006127265935791261,74,0.49333333333333335
top2_mean,l1,CNV+DME,5,31,0.03439092840999365,0.006536444015937177,3,0.6
top2_mean,l1,CNV+DME+DRUSEN,2,9,0.0338307935744524,0.007256775887976904,1,0.5
top2_mean,l1,CNV+DME+NORMAL,1,5,0.03215423598885536,,1,1.0
top2_mean,l1,CNV+DRUSEN,9,35,0.029465806463526353,0.005190825956816988,2,0.2222222222222222
top2_mean,l1,CNV+DRUSEN+NORMAL,1,4,0.028692379593849182,,0,0.0
top2_mean,l1,CNV+NORMAL,10,33,0.026010333374142647,0.005135939264229964,2,0.2
top2_mean,l1,DME,145,198,0.029762233048677443,0.008120381632640877,59,0.4068965517241379
top2_mean,l1,DME+DRUSEN,8,27,0.029272879823110998,0.007876642052937474,3,0.375
top2_mean,l1,DME+NORMAL,6,26,0.028056893187264603,0.006175136175790673,2,0.3333333333333333
top2_mean,l1,DRUSEN,145,211,0.02232004755401406,0.004192140547378688,7,0.04827586206896552
top2_mean,l1,DRUSEN+NORMAL,4,15,0.021471459418535233,0.004969087434876978,0,0.0
top2_mean,l1,NORMAL,149,206,0.019776688610522338,0.0033767195085738742,2,0.013422818791946308
top2_mean,ssim_error,CNV,150,200,0.2882092626889547,0.06603876882821222,40,0.26666666666666666
top2_mean,ssim_error,CNV+DME,5,31,0.3006779193878174,0.045626384894016006,2,0.4
top2_mean,ssim_error,CNV+DME+DRUSEN,2,9,0.3411311209201813,0.05977514722221206,1,0.5
top2_mean,ssim_error,CNV+DME+NORMAL,1,5,0.327874094247818,,1,1.0
top2_mean,ssim_error,CNV+DRUSEN,9,35,0.2709143426683214,0.033253627014273715,1,0.1111111111111111
top2_mean,ssim_error,CNV+DRUSEN+NORMAL,1,4,0.25958338379859924,,0,0.0
top2_mean,ssim_error,CNV+NORMAL,10,33,0.23300717771053314,0.047288694416055786,0,0.0
top2_mean,ssim_error,DME,145,198,0.26498316218113077,0.07359970783040265,30,0.20689655172413793
top2_mean,ssim_error,DME+DRUSEN,8,27,0.2800360359251499,0.05752824948791711,3,0.375
top2_mean,ssim_error,DME+NORMAL,6,26,0.2465274135271708,0.04743180601202914,0,0.0
top2_mean,ssim_error,DRUSEN,145,211,0.21242154733888033,0.055529493947148845,5,0.034482758620689655
top2_mean,ssim_error,DRUSEN+NORMAL,4,15,0.21057026088237762,0.06694043670194058,0,0.0
top2_mean,ssim_error,NORMAL,149,206,0.1897789459900568,0.053642485103185394,4,0.026845637583892617
top2_mean,mse_ssim_score,CNV,150,200,0.0599774506315589,0.013799043343987497,44,0.29333333333333333
top2_mean,mse_ssim_score,CNV+DME,5,31,0.06258011013269424,0.00978052200213901,2,0.4
top2_mean,mse_ssim_score,CNV+DME+DRUSEN,2,9,0.07053234335035086,0.012864815794501225,1,0.5
top2_mean,mse_ssim_score,CNV+DME+NORMAL,1,5,0.06718993186950684,,1,1.0
top2_mean,mse_ssim_score,CNV+DRUSEN,9,35,0.05618723564677768,0.007241981214847871,1,0.1111111111111111
top2_mean,mse_ssim_score,CNV+DRUSEN+NORMAL,1,4,0.05385257676243782,,0,0.0
top2_mean,mse_ssim_score,CNV+NORMAL,10,33,0.04813511585816741,0.009983393385623358,0,0.0
top2_mean,mse_ssim_score,DME,145,198,0.05508903682488819,0.015716658852761325,32,0.2206896551724138
top2_mean,mse_ssim_score,DME+DRUSEN,8,27,0.05783183337189257,0.01222864453543319,3,0.375
top2_mean,mse_ssim_score,DME+NORMAL,6,26,0.05090178766598304,0.009933209972481354,0,0.0
top2_mean,mse_ssim_score,DRUSEN,145,211,0.04353539111927666,0.011384138537789447,5,0.034482758620689655
top2_mean,mse_ssim_score,DRUSEN+NORMAL,4,15,0.04292484698817134,0.013665062408347316,0,0.0
top2_mean,mse_ssim_score,NORMAL,149,206,0.038642950899799,0.010889925001886704,4,0.026845637583892617
top2_mean,retina_band_mse,CNV,150,200,0.0033671645055680225,0.0011863958225368757,114,0.76
top2_mean,retina_band_mse,CNV+DME,5,31,0.004390612710267305,0.0023311023483439395,3,0.6
top2_mean,retina_band_mse,CNV+DME+DRUSEN,2,9,0.003826791071332991,0.0007159878636889089,2,1.0
top2_mean,retina_band_mse,CNV+DME+NORMAL,1,5,0.0030480087734758854,,1,1.0
top2_mean,retina_band_mse,CNV+DRUSEN,9,35,0.003018802759470418,0.0009842299079669803,4,0.4444444444444444
top2_mean,retina_band_mse,CNV+DRUSEN+NORMAL,1,4,0.0033087992342188954,,1,1.0
top2_mean,retina_band_mse,CNV+NORMAL,10,33,0.0025674153061117978,0.0011993059439777485,5,0.5
top2_mean,retina_band_mse,DME,145,198,0.0030914070365693548,0.0018725449554188118,81,0.5586206896551724
top2_mean,retina_band_mse,DME+DRUSEN,8,27,0.0029955621575936675,0.0020855383017313656,4,0.5
top2_mean,retina_band_mse,DME+NORMAL,6,26,0.0028502971545094624,0.0019318983791526325,3,0.5
top2_mean,retina_band_mse,DRUSEN,145,211,0.0016508748704679953,0.0009574531926615263,15,0.10344827586206896
top2_mean,retina_band_mse,DRUSEN+NORMAL,4,15,0.0011735361476894468,0.0003587714668303119,0,0.0
top2_mean,retina_band_mse,NORMAL,149,206,0.0010428201960362244,0.0003690408307937107,2,0.013422818791946308
top2_mean,retina_weighted_mse,CNV,150,200,0.0032262615366683654,0.0011358119436988916,118,0.7866666666666666
top2_mean,retina_weighted_mse,CNV+DME,5,31,0.004175332945305854,0.0021478456634607002,3,0.6
top2_mean,retina_weighted_mse,CNV+DME+DRUSEN,2,9,0.0036100124707445502,0.0009160796977221243,2,1.0
top2_mean,retina_weighted_mse,CNV+DME+NORMAL,1,5,0.002796224085614085,,1,1.0
top2_mean,retina_weighted_mse,CNV+DRUSEN,9,35,0.0028441230016243127,0.0009676442975840272,5,0.5555555555555556
top2_mean,retina_weighted_mse,CNV+DRUSEN+NORMAL,1,4,0.0030967388302087784,,1,1.0
top2_mean,retina_weighted_mse,CNV+NORMAL,10,33,0.0024216882011387497,0.00113297034506416,5,0.5
top2_mean,retina_weighted_mse,DME,145,198,0.0029344530784171717,0.0017818214811761047,85,0.5862068965517241
top2_mean,retina_weighted_mse,DME+DRUSEN,8,27,0.0028664242272498086,0.00198305893080972,5,0.625
top2_mean,retina_weighted_mse,DME+NORMAL,6,26,0.002770790883611577,0.0018303482374272884,3,0.5
top2_mean,retina_weighted_mse,DRUSEN,145,211,0.0015432243311681367,0.0008720384190961282,15,0.10344827586206896
top2_mean,retina_weighted_mse,DRUSEN+NORMAL,4,15,0.0011320931080263108,0.000371687129093161,0,0.0
top2_mean,retina_weighted_mse,NORMAL,149,206,0.0009774532498816816,0.0003459612926549818,3,0.020134228187919462
top2_mean,topk_mse_5,CNV,150,200,0.03578262152150273,0.013708990973320066,111,0.74
top2_mean,topk_mse_5,CNV+DME,5,31,0.048202142119407654,0.026899028431305805,3,0.6
top2_mean,topk_mse_5,CNV+DME+DRUSEN,2,9,0.03865998983383179,0.015453342204049723,2,1.0
top2_mean,topk_mse_5,CNV+DME+NORMAL,1,5,0.021990676410496235,,0,0.0
top2_mean,topk_mse_5,CNV+DRUSEN,9,35,0.029995682804534834,0.011148229855404649,4,0.4444444444444444
top2_mean,topk_mse_5,CNV+DRUSEN+NORMAL,1,4,0.035479504615068436,,1,1.0
top2_mean,topk_mse_5,CNV+NORMAL,10,33,0.027451723744161428,0.015248239793987307,3,0.3
top2_mean,topk_mse_5,DME,145,198,0.031364521207609054,0.022065564511997284,66,0.45517241379310347
top2_mean,topk_mse_5,DME+DRUSEN,8,27,0.032788912823889405,0.023762187686958543,5,0.625
top2_mean,topk_mse_5,DME+NORMAL,6,26,0.03392441900602231,0.026024946603656913,3,0.5
top2_mean,topk_mse_5,DRUSEN,145,211,0.015857198502033435,0.011631312699755569,10,0.06896551724137931
top2_mean,topk_mse_5,DRUSEN+NORMAL,4,15,0.011774842336308211,0.004474864407734902,0,0.0
top2_mean,topk_mse_5,NORMAL,149,206,0.008483894988144404,0.004410163583425579,2,0.013422818791946308
top2_mean,topk_mse_10,CNV,150,200,0.02224931249084572,0.00826124543151588,119,0.7933333333333333
top2_mean,topk_mse_10,CNV+DME,5,31,0.029549897834658622,0.015697337172286448,3,0.6
top2_mean,topk_mse_10,CNV+DME+DRUSEN,2,9,0.023843536619096994,0.009455789684666325,2,1.0
top2_mean,topk_mse_10,CNV+DME+NORMAL,1,5,0.01490865321829915,,0,0.0
top2_mean,topk_mse_10,CNV+DRUSEN,9,35,0.018860966549254954,0.0072954989354980125,5,0.5555555555555556
top2_mean,topk_mse_10,CNV+DRUSEN+NORMAL,1,4,0.02118078153580427,,1,1.0
top2_mean,topk_mse_10,CNV+NORMAL,10,33,0.016772958752699196,0.008725919576818274,5,0.5
top2_mean,topk_mse_10,DME,145,198,0.019636386642553683,0.013098261850532414,77,0.5310344827586206
top2_mean,topk_mse_10,DME+DRUSEN,8,27,0.020135714556090534,0.014677106309713984,5,0.625
top2_mean,topk_mse_10,DME+NORMAL,6,26,0.020603629100757342,0.014649373551463653,4,0.6666666666666666
top2_mean,topk_mse_10,DRUSEN,145,211,0.009683148160673165,0.006555319499702271,10,0.06896551724137931
top2_mean,topk_mse_10,DRUSEN+NORMAL,4,15,0.007399685651762411,0.002788330259015078,0,0.0
top2_mean,topk_mse_10,NORMAL,149,206,0.005520170418570606,0.002437552983093913,2,0.013422818791946308
top2_mean,ensemble_mse_l1,CNV,150,200,5.758420277884296,2.5440084759033925,104,0.6933333333333334
top2_mean,ensemble_mse_l1,CNV+DME,5,31,7.503901975982714,3.886108413933925,3,0.6
top2_mean,ensemble_mse_l1,CNV+DME+DRUSEN,2,9,6.362609801035334,2.951188675039003,2,1.0
top2_mean,ensemble_mse_l1,CNV+DME+NORMAL,1,5,4.779011211612355,,1,1.0
top2_mean,ensemble_mse_l1,CNV+DRUSEN,9,35,4.818529285671557,2.3138511298828877,3,0.3333333333333333
top2_mean,ensemble_mse_l1,CNV+DRUSEN+NORMAL,1,4,4.874186420237047,,1,1.0
top2_mean,ensemble_mse_l1,CNV+NORMAL,10,33,3.731300542050537,2.3681627271248282,3,0.3
top2_mean,ensemble_mse_l1,DME,145,198,5.007771319548699,3.7293397909399375,72,0.496551724137931
top2_mean,ensemble_mse_l1,DME+DRUSEN,8,27,4.963690122937392,3.969815331382889,4,0.5
top2_mean,ensemble_mse_l1,DME+NORMAL,6,26,4.7864362215026715,3.481685597197732,4,0.6666666666666666
top2_mean,ensemble_mse_l1,DRUSEN,145,211,1.916915051435492,1.7254112344464707,13,0.0896551724137931
top2_mean,ensemble_mse_l1,DRUSEN+NORMAL,4,15,1.3349418930633503,1.2766872638058253,0,0.0
top2_mean,ensemble_mse_l1,NORMAL,149,206,0.7961948154928556,0.9119629776075825,3,0.020134228187919462
top2_mean,ensemble_mse_l1_ssim,CNV,150,200,4.676176165207709,1.9608777568160565,93,0.62
top2_mean,ensemble_mse_l1_ssim,CNV+DME,5,31,5.840565964493118,2.748249245870977,3,0.6
top2_mean,ensemble_mse_l1_ssim,CNV+DME+DRUSEN,2,9,5.191954072065526,2.2387404972991285,1,0.5
top2_mean,ensemble_mse_l1_ssim,CNV+DME+NORMAL,1,5,4.091064098583759,,1,1.0
top2_mean,ensemble_mse_l1_ssim,CNV+DRUSEN,9,35,3.9484047481871403,1.6658294777321963,3,0.3333333333333333
top2_mean,ensemble_mse_l1_ssim,CNV+DRUSEN+NORMAL,1,4,3.923033693750779,,1,1.0
top2_mean,ensemble_mse_l1_ssim,CNV+NORMAL,10,33,3.018398401106229,1.7855447817342034,3,0.3
top2_mean,ensemble_mse_l1_ssim,DME,145,198,4.057659594343489,2.7973475483694927,65,0.4482758620689655
top2_mean,ensemble_mse_l1_ssim,DME+DRUSEN,8,27,4.043574008954545,2.830374945149636,4,0.5
top2_mean,ensemble_mse_l1_ssim,DME+NORMAL,6,26,3.7746484870019263,2.473928273109179,3,0.5
top2_mean,ensemble_mse_l1_ssim,DRUSEN,145,211,1.7198315877401422,1.335149471595545,11,0.07586206896551724
top2_mean,ensemble_mse_l1_ssim,DRUSEN+NORMAL,4,15,1.3182963090746038,1.1822096529131436,0,0.0
top2_mean,ensemble_mse_l1_ssim,NORMAL,149,206,0.8621473847795585,0.8427956422660383,2,0.013422818791946308
top2_mean,ensemble_mse_retina,CNV,150,200,6.771664315930115,3.1605965989125338,119,0.7933333333333333
top2_mean,ensemble_mse_retina,CNV+DME,5,31,9.358453882173999,5.788612577477318,3,0.6
top2_mean,ensemble_mse_retina,CNV+DME+DRUSEN,2,9,7.712945460806707,3.0109114078098766,2,1.0
top2_mean,ensemble_mse_retina,CNV+DME+NORMAL,1,5,5.361527137353946,,1,1.0
top2_mean,ensemble_mse_retina,CNV+DRUSEN,9,35,5.655785997851704,2.7909654639521544,5,0.5555555555555556
top2_mean,ensemble_mse_retina,CNV+DRUSEN+NORMAL,1,4,6.169711013797554,,1,1.0
top2_mean,ensemble_mse_retina,CNV+NORMAL,10,33,4.50628024746235,3.1191289398971693,5,0.5
top2_mean,ensemble_mse_retina,DME,145,198,5.9246169191460805,4.904222403112156,83,0.5724137931034483
top2_mean,ensemble_mse_retina,DME+DRUSEN,8,27,5.837174072128156,5.410297209814877,5,0.625
top2_mean,ensemble_mse_retina,DME+NORMAL,6,26,5.6115035714748425,4.995925612831132,4,0.6666666666666666
top2_mean,ensemble_mse_retina,DRUSEN,145,211,2.0743668350325635,2.3408952382142676,14,0.09655172413793103
top2_mean,ensemble_mse_retina,DRUSEN+NORMAL,4,15,1.035343397170468,1.0790526639205034,0,0.0
top2_mean,ensemble_mse_retina,NORMAL,149,206,0.5584270956143413,0.9501489837250958,3,0.020134228187919462
top2_mean,ensemble_mse_ssim_topk,CNV,150,200,6.474318409162205,2.8447979391239486,124,0.8266666666666667
top2_mean,ensemble_mse_ssim_topk,CNV+DME,5,31,8.661618782695424,5.019738475215099,3,0.6
top2_mean,ensemble_mse_ssim_topk,CNV+DME+DRUSEN,2,9,7.166016973210822,3.3552520272425417,2,1.0
top2_mean,ensemble_mse_ssim_topk,CNV+DME+NORMAL,1,5,4.396764230256576,,1,1.0
top2_mean,ensemble_mse_ssim_topk,CNV+DRUSEN,9,35,5.284409947059078,2.3927181805344517,5,0.5555555555555556
top2_mean,ensemble_mse_ssim_topk,CNV+DRUSEN+NORMAL,1,4,5.922283762788165,,1,1.0
top2_mean,ensemble_mse_ssim_topk,CNV+NORMAL,10,33,4.366025900924674,2.974065785221997,5,0.5
top2_mean,ensemble_mse_ssim_topk,DME,145,198,5.536454241002497,4.428479477097296,79,0.5448275862068965
top2_mean,ensemble_mse_ssim_topk,DME+DRUSEN,8,27,5.689391862273756,4.682136850777986,5,0.625
top2_mean,ensemble_mse_ssim_topk,DME+NORMAL,6,26,5.660979316860735,4.7194076137047976,4,0.6666666666666666
top2_mean,ensemble_mse_ssim_topk,DRUSEN,145,211,2.1645181246311087,2.1817500081823793,13,0.0896551724137931
top2_mean,ensemble_mse_ssim_topk,DRUSEN+NORMAL,4,15,1.345723114825393,1.184139676387747,0,0.0
top2_mean,ensemble_mse_ssim_topk,NORMAL,149,206,0.7316013629311733,0.9412355294773171,2,0.013422818791946308
top2_mean,ensemble_l1_ssim_topk,CNV,150,200,5.0819376418200015,2.0401864840582316,113,0.7533333333333333
top2_mean,ensemble_l1_ssim_topk,CNV+DME,5,31,6.553429766395235,3.438032008157278,3,0.6
top2_mean,ensemble_l1_ssim_topk,CNV+DME+DRUSEN,2,9,5.628966758978191,2.402816219153329,2,1.0
top2_mean,ensemble_l1_ssim_topk,CNV+DME+NORMAL,1,5,3.748547798851428,,1,1.0
top2_mean,ensemble_l1_ssim_topk,CNV+DRUSEN,9,35,4.16542144925807,1.638443911668583,4,0.4444444444444444
top2_mean,ensemble_l1_ssim_topk,CNV+DRUSEN+NORMAL,1,4,4.6586541369423236,,1,1.0
top2_mean,ensemble_l1_ssim_topk,CNV+NORMAL,10,33,3.415171840021499,2.1943924905786245,3,0.3
top2_mean,ensemble_l1_ssim_topk,DME,145,198,4.354135380302834,3.1526739386242113,72,0.496551724137931
top2_mean,ensemble_l1_ssim_topk,DME+DRUSEN,8,27,4.420061319148983,3.222867405910162,5,0.625
top2_mean,ensemble_l1_ssim_topk,DME+NORMAL,6,26,4.354527013256594,3.308625721843481,4,0.6666666666666666
top2_mean,ensemble_l1_ssim_topk,DRUSEN,145,211,1.8528466651107731,1.6083186861539225,13,0.0896551724137931
top2_mean,ensemble_l1_ssim_topk,DRUSEN+NORMAL,4,15,1.2642240847202513,1.096523078387876,0,0.0
top2_mean,ensemble_l1_ssim_topk,NORMAL,149,206,0.7635260640815911,0.8043392320565335,4,0.026845637583892617
top2_mean,ensemble_mse_l1_retina,CNV,150,200,5.736822669596873,2.5471547862893145,112,0.7466666666666667
top2_mean,ensemble_mse_l1_retina,CNV+DME,5,31,7.686175405293474,4.360602690977862,3,0.6
top2_mean,ensemble_mse_l1_retina,CNV+DME+DRUSEN,2,9,6.494308467099934,2.51478592617498,2,1.0
top2_mean,ensemble_mse_l1_retina,CNV+DME+NORMAL,1,5,4.843246946404174,,1,1.0
top2_mean,ensemble_mse_l1_retina,CNV+DRUSEN,9,35,4.808208697031413,2.2541376610910175,4,0.4444444444444444
top2_mean,ensemble_mse_l1_retina,CNV+DRUSEN+NORMAL,1,4,5.106054669687796,,1,1.0
top2_mean,ensemble_mse_l1_retina,CNV+NORMAL,10,33,3.764128399107483,2.4862562634108847,5,0.5
top2_mean,ensemble_mse_l1_retina,DME,145,198,5.027251414663353,3.8766977251651262,76,0.5241379310344828
top2_mean,ensemble_mse_l1_retina,DME+DRUSEN,8,27,4.900558758274912,4.212224187697925,4,0.5
top2_mean,ensemble_mse_l1_retina,DME+NORMAL,6,26,4.679714570442083,3.7874083900547104,3,0.5
top2_mean,ensemble_mse_l1_retina,DRUSEN,145,211,1.866047177406705,1.8399982711483094,13,0.0896551724137931
top2_mean,ensemble_mse_l1_retina,DRUSEN+NORMAL,4,15,1.0819008584223573,1.0876570554235396,0,0.0
top2_mean,ensemble_mse_l1_retina,NORMAL,149,206,0.6522150979845079,0.8616818069109071,3,0.020134228187919462
top2_mean,ensemble_all_base,CNV,150,200,5.876520671016163,2.5270521511372896,119,0.7933333333333333
top2_mean,ensemble_all_base,CNV+DME,5,31,7.861797437284196,4.525798746267201,3,0.6
top2_mean,ensemble_all_base,CNV+DME+DRUSEN,2,9,6.594894502136182,2.6730075902635,2,1.0
top2_mean,ensemble_all_base,CNV+DME+NORMAL,1,5,4.4373594565305226,,1,1.0
top2_mean,ensemble_all_base,CNV+DRUSEN,9,35,4.861996432352374,2.1431433186286037,5,0.5555555555555556
top2_mean,ensemble_all_base,CNV+DRUSEN+NORMAL,1,4,5.3952156662870685,,1,1.0
top2_mean,ensemble_all_base,CNV+NORMAL,10,33,3.9298363327695633,2.6186086147010905,5,0.5
top2_mean,ensemble_all_base,DME,145,198,5.082703712835565,3.9363745733324778,80,0.5517241379310345
top2_mean,ensemble_all_base,DME+DRUSEN,8,27,5.082610955385012,4.216413672036338,5,0.625
top2_mean,ensemble_all_base,DME+NORMAL,6,26,4.955258397511172,4.100404335162891,4,0.6666666666666666
top2_mean,ensemble_all_base,DRUSEN,145,211,1.967031604810602,1.9317746284227266,14,0.09655172413793103
top2_mean,ensemble_all_base,DRUSEN+NORMAL,4,15,1.1606687675040699,1.0689280710300535,0,0.0
top2_mean,ensemble_all_base,NORMAL,149,206,0.6773722629720221,0.8571520645484428,3,0.020134228187919462
