run_id,level,score_mode,metric,point,ci_low,ci_high,std,iterations
ae_mse_l128,image,mse,auroc,0.9103786666666668,0.8914666295678756,0.9281518705094844,0.0094300886472584,1000
ae_mse_l128,image,mse,accuracy,0.774,0.75,0.798,0.0124948469458493,1000
ae_mse_l128,image,mse,precision,0.9763636363636364,0.9628858549345026,0.987250701655212,0.0065763332072358,1000
ae_mse_l128,image,mse,recall,0.716,0.6865656834873253,0.7477639310332731,0.0156373430838762,1000
ae_mse_l128,image,mse,f1,0.8261538461538461,0.8052282462213178,0.8463932054442181,0.010827634513578,1000
ae_mse_l128,image,mse,fpr,0.052,0.027445639734493,0.0809798887462558,0.0143540134560714,1000
ae_mse_l128,image,l1,auroc,0.8474560000000001,0.8226947661426495,0.8700206622346669,0.0126759589794941,1000
ae_mse_l128,image,l1,accuracy,0.703,0.675,0.731,0.0139384400530012,1000
ae_mse_l128,image,l1,precision,0.9557344064386318,0.9374907907662082,0.972337440905216,0.0090898753496876,1000
ae_mse_l128,image,l1,recall,0.6333333333333333,0.6005260370649811,0.6666776315789473,0.0171570364182535,1000
ae_mse_l128,image,l1,f1,0.7618283881315157,0.7340483334602936,0.7863481511317565,0.0131206452322603,1000
ae_mse_l128,image,l1,fpr,0.088,0.0552823240589198,0.123517500246946,0.0173901058999541,1000
ae_mse_l128,image,ssim_error,auroc,0.7594613333333333,0.7225899679032722,0.7948536046328506,0.0178789712550691,1000
ae_mse_l128,image,ssim_error,accuracy,0.587,0.556,0.617,0.0158498750006912,1000
ae_mse_l128,image,ssim_error,precision,0.9160493827160494,0.8877757304630695,0.9423572019052868,0.0136020585686221,1000
ae_mse_l128,image,ssim_error,recall,0.4946666666666666,0.4592763130850058,0.5313394423500429,0.0188464998597448,1000
ae_mse_l128,image,ssim_error,f1,0.6424242424242425,0.6095195114456906,0.6740242387024528,0.0169878573372053,1000
ae_mse_l128,image,ssim_error,fpr,0.136,0.0950186003255056,0.1814805399719495,0.0214697012454249,1000
ae_mse_l128,image,mse_ssim_score,auroc,0.7697493333333334,0.736089217529097,0.8029577057289494,0.0172181415484376,1000
ae_mse_l128,image,mse_ssim_score,accuracy,0.603,0.57,0.632,0.015591577735954,1000
ae_mse_l128,image,mse_ssim_score,precision,0.9212410501193318,0.8935146787783044,0.9444476520400308,0.013185261954574,1000
ae_mse_l128,image,mse_ssim_score,recall,0.5146666666666667,0.4767562218657836,0.5500805336301693,0.0184078173028564,1000
ae_mse_l128,image,mse_ssim_score,f1,0.660393498716852,0.6272983991082668,0.6908934329801265,0.0163402591463964,1000
ae_mse_l128,image,mse_ssim_score,fpr,0.132,0.0934959349593495,0.1755180533751962,0.0208956527965881,1000
ae_mse_l128,image,retina_band_mse,auroc,0.9068373333333334,0.8879465359909664,0.9260278629708631,0.0096839968361096,1000
ae_mse_l128,image,retina_band_mse,accuracy,0.762,0.7359749999999999,0.786,0.0130563966504351,1000
ae_mse_l128,image,retina_band_mse,precision,0.9830188679245284,0.971207828879374,0.9926635312820852,0.0056609017850658,1000
ae_mse_l128,image,retina_band_mse,recall,0.6946666666666667,0.663114768807807,0.7256197198706882,0.0161343266101939,1000
ae_mse_l128,image,retina_band_mse,f1,0.8140625,0.790988401916749,0.8355050918429684,0.0114690093169952,1000
ae_mse_l128,image,retina_band_mse,fpr,0.036,0.0153242081249451,0.0595457813998082,0.0116677258914696,1000
ae_mse_l128,image,retina_weighted_mse,auroc,0.912256,0.8928786316820725,0.9302954473652668,0.0093852268307614,1000
ae_mse_l128,image,retina_weighted_mse,accuracy,0.774,0.745,0.798025,0.0132581163310874,1000
ae_mse_l128,image,retina_weighted_mse,precision,0.9833948339483396,0.9717805577975068,0.9941877171879177,0.005580671383005,1000
ae_mse_l128,image,retina_weighted_mse,recall,0.7106666666666667,0.675856499744744,0.7400064935064935,0.0166149493193685,1000
ae_mse_l128,image,retina_weighted_mse,f1,0.8250773993808049,0.7993528581390207,0.8449934136112494,0.0115460578008904,1000
ae_mse_l128,image,retina_weighted_mse,fpr,0.036,0.0133318584070796,0.0614053062985332,0.0120711067736908,1000
ae_mse_l128,image,topk_mse_5,auroc,0.9436746666666668,0.927102784793962,0.9585241258045684,0.0078871378579695,1000
ae_mse_l128,image,topk_mse_5,accuracy,0.788,0.761,0.812025,0.0131918838988523,1000
ae_mse_l128,image,topk_mse_5,precision,0.9873188405797102,0.9765342960288808,0.9961553030303032,0.0048313822857162,1000
ae_mse_l128,image,topk_mse_5,recall,0.7266666666666667,0.6953053419502618,0.7572194404097546,0.0164504998931679,1000
ae_mse_l128,image,topk_mse_5,f1,0.837173579109063,0.8140574322622885,0.8577813405758328,0.0112517812457569,1000
ae_mse_l128,image,topk_mse_5,fpr,0.028,0.0090372046254399,0.050984952120383,0.0106229839613736,1000
ae_mse_l128,image,topk_mse_10,auroc,0.9361653333333334,0.9194319965681854,0.9504818143883365,0.0080390828980325,1000
ae_mse_l128,image,topk_mse_10,accuracy,0.784,0.755,0.808,0.0132066520988348,1000
ae_mse_l128,image,topk_mse_10,precision,0.9872262773722628,0.9769617908315852,0.9947032894976504,0.0046868538359438,1000
ae_mse_l128,image,topk_mse_10,recall,0.7213333333333334,0.6862359310860997,0.7500168463611859,0.0164827995937786,1000
ae_mse_l128,image,topk_mse_10,f1,0.8335901386748844,0.8083759650379905,0.8523536619451887,0.0113609024686214,1000
ae_mse_l128,image,topk_mse_10,fpr,0.028,0.010790399938114,0.0505902525885378,0.0102467882495746,1000
ae_mse_l128,image,ensemble_mse_l1,auroc,0.8899573333333334,0.8692725236611923,0.9095049724917368,0.0104527303069405,1000
ae_mse_l128,image,ensemble_mse_l1,accuracy,0.745,0.716,0.77,0.0137986054553535,1000
ae_mse_l128,image,ensemble_mse_l1,precision,0.9643527204502814,0.9475515336650286,0.9806221950224396,0.0080325082332236,1000
ae_mse_l128,image,ensemble_mse_l1,recall,0.6853333333333333,0.6522847399829497,0.7177479783774282,0.0169577204481366,1000
ae_mse_l128,image,ensemble_mse_l1,f1,0.8012470771628994,0.7770544523695565,0.8232559029198768,0.0121821690720729,1000
ae_mse_l128,image,ensemble_mse_l1,fpr,0.076,0.0438407441016333,0.1111204954954954,0.016842840639221,1000
ae_mse_l128,image,ensemble_mse_l1_ssim,auroc,0.871424,0.8478874425645461,0.8932490229185458,0.0116789142483137,1000
ae_mse_l128,image,ensemble_mse_l1_ssim,accuracy,0.735,0.708,0.763025,0.0137483079675999,1000
ae_mse_l128,image,ensemble_mse_l1_ssim,precision,0.9566854990583804,0.9377430071213568,0.9733346007604564,0.0090538688891544,1000
ae_mse_l128,image,ensemble_mse_l1_ssim,recall,0.6773333333333333,0.6460254094753201,0.7108873060050002,0.0165872193884348,1000
ae_mse_l128,image,ensemble_mse_l1_ssim,f1,0.7931303669008587,0.7697229967755631,0.8169252088078968,0.0122782780207571,1000
ae_mse_l128,image,ensemble_mse_l1_ssim,fpr,0.092,0.0574689089881288,0.1290322580645161,0.0185621821125766,1000
ae_mse_l128,image,ensemble_mse_retina,auroc,0.9129973333333332,0.8945960683533895,0.9296722052906558,0.0092537407929247,1000
ae_mse_l128,image,ensemble_mse_retina,accuracy,0.774,0.7459749999999999,0.800025,0.0135694544508647,1000
ae_mse_l128,image,ensemble_mse_retina,precision,0.9816176470588236,0.9694072657743786,0.9923076923076924,0.0057019538086197,1000
ae_mse_l128,image,ensemble_mse_retina,recall,0.712,0.6791431389163824,0.7430530863760314,0.0170165050944487,1000
ae_mse_l128,image,ensemble_mse_retina,f1,0.8253477588871716,0.8015356087223244,0.8474352479551985,0.0117573639878155,1000
ae_mse_l128,image,ensemble_mse_retina,fpr,0.04,0.0167346582984658,0.0652245111068919,0.0121841849351471,1000
ae_mse_l128,image,ensemble_mse_ssim_topk,auroc,0.913808,0.8940154913903541,0.9304947716855898,0.0092640000780419,1000
ae_mse_l128,image,ensemble_mse_ssim_topk,accuracy,0.783,0.758,0.807,0.0129690605878965,1000
ae_mse_l128,image,ensemble_mse_ssim_topk,precision,0.9750445632798574,0.9613318595713852,0.987087236256978,0.0066014117308775,1000
ae_mse_l128,image,ensemble_mse_ssim_topk,recall,0.7293333333333333,0.7001322930800543,0.7599015773420795,0.0160077695696115,1000
ae_mse_l128,image,ensemble_mse_ssim_topk,f1,0.8344774980930587,0.8135306041843703,0.8547547010151559,0.0109836880780717,1000
ae_mse_l128,image,ensemble_mse_ssim_topk,fpr,0.056,0.0298428742364128,0.0867813510600071,0.014618474309287,1000
ae_mse_l128,image,ensemble_l1_ssim_topk,auroc,0.8991093333333333,0.8772877530051971,0.9184297457033308,0.0105168227476611,1000
ae_mse_l128,image,ensemble_l1_ssim_topk,accuracy,0.769,0.7419749999999999,0.796,0.0137348697353359,1000
ae_mse_l128,image,ensemble_l1_ssim_topk,precision,0.9658886894075404,0.950171821305842,0.9799288321167884,0.0077416055667517,1000
ae_mse_l128,image,ensemble_l1_ssim_topk,recall,0.7173333333333334,0.685018390871674,0.7503528735632184,0.0169251954540675,1000
ae_mse_l128,image,ensemble_l1_ssim_topk,f1,0.8232593726090283,0.7999922958397535,0.8470681535454061,0.0118974766400628,1000
ae_mse_l128,image,ensemble_l1_ssim_topk,fpr,0.076,0.0456183792580074,0.1106671220400728,0.0169019240492061,1000
ae_mse_l128,image,ensemble_mse_l1_retina,auroc,0.9005546666666667,0.8798904248367301,0.9190225963230836,0.0102081046513107,1000
ae_mse_l128,image,ensemble_mse_l1_retina,accuracy,0.762,0.733,0.789,0.0134892499370374,1000
ae_mse_l128,image,ensemble_mse_l1_retina,precision,0.9705882352941176,0.9562814316504472,0.9836080449852728,0.0072427150418949,1000
ae_mse_l128,image,ensemble_mse_l1_retina,recall,0.704,0.6701986754966888,0.7358496764436069,0.0168072164643895,1000
ae_mse_l128,image,ensemble_mse_l1_retina,f1,0.8160741885625966,0.7915500655069645,0.8383281201055054,0.0118565583104947,1000
ae_mse_l128,image,ensemble_mse_l1_retina,fpr,0.064,0.0361198701054216,0.0961622807017543,0.0153837279729486,1000
ae_mse_l128,image,ensemble_all_base,auroc,0.908624,0.889134127644035,0.9261027368761452,0.0092704281114831,1000
ae_mse_l128,image,ensemble_all_base,accuracy,0.776,0.75,0.799,0.0127908687086656,1000
ae_mse_l128,image,ensemble_all_base,precision,0.9747292418772564,0.9609584793610472,0.986121794871795,0.0065514265586006,1000
ae_mse_l128,image,ensemble_all_base,recall,0.72,0.6872233223716633,0.749003984063745,0.016112841811388,1000
ae_mse_l128,image,ensemble_all_base,f1,0.8282208588957055,0.8053918703573266,0.8490885392842114,0.0111246634925469,1000
ae_mse_l128,image,ensemble_all_base,fpr,0.056,0.0304125116579381,0.084360698608387,0.0141654482623425,1000
ae_mse_l128,patient_mean,mse,auroc,0.913884055569365,0.8906019874687839,0.9355603601726964,0.0117699606226253,1000
ae_mse_l128,patient_mean,mse,accuracy,0.8283464566929134,0.7968110236220473,0.8551181102362204,0.0150346985241456,1000
ae_mse_l128,patient_mean,mse,precision,0.9520383693045564,0.930855619887878,0.9717076908342112,0.0105717120317774,1000
ae_mse_l128,patient_mean,mse,recall,0.8168724279835391,0.7806205576817933,0.8499022087224913,0.017655543493912,1000
ae_mse_l128,patient_mean,mse,f1,0.8792912513842747,0.8538283062645011,0.9004151575356917,0.0115819159166613,1000
ae_mse_l128,patient_mean,mse,fpr,0.1342281879194631,0.0794571279191355,0.1888294711824123,0.0278296379540572,1000
ae_mse_l128,patient_mean,l1,auroc,0.8597370674179026,0.8316229976978069,0.8906855380795999,0.0152229610428933,1000
ae_mse_l128,patient_mean,l1,accuracy,0.7826771653543307,0.7511811023622047,0.815748031496063,0.0162033410045932,1000
ae_mse_l128,patient_mean,l1,precision,0.910377358490566,0.8821901483050847,0.9375072004608296,0.0135882820116174,1000
ae_mse_l128,patient_mean,l1,recall,0.7942386831275721,0.7561475409836066,0.8312512703252033,0.0187273110324104,1000
ae_mse_l128,patient_mean,l1,f1,0.8483516483516483,0.8244418293149636,0.8738099981127723,0.0128157094654925,1000
ae_mse_l128,patient_mean,l1,fpr,0.2550335570469799,0.1879258491055224,0.3219733112895606,0.0344476852333492,1000
ae_mse_l128,patient_mean,ssim_error,auroc,0.7876377496064297,0.7461262906530526,0.8254141743826493,0.0202604819773343,1000
ae_mse_l128,patient_mean,ssim_error,accuracy,0.7307086614173228,0.694488188976378,0.7622047244094489,0.01747383029344,1000
ae_mse_l128,patient_mean,ssim_error,precision,0.8967254408060453,0.8647872736050942,0.9236795686923244,0.0147696993447753,1000
ae_mse_l128,patient_mean,ssim_error,recall,0.7325102880658436,0.6923038229376257,0.7684492094433614,0.0201447663529355,1000
ae_mse_l128,patient_mean,ssim_error,f1,0.8063420158550396,0.7771265709035797,0.8326268115942028,0.0144069668618978,1000
ae_mse_l128,patient_mean,ssim_error,fpr,0.2751677852348993,0.2066324503311258,0.3466805555555555,0.035692842495499,1000
ae_mse_l128,patient_mean,mse_ssim_score,auroc,0.7963239152650039,0.7560277604156963,0.8332949967117637,0.0203671132552468,1000
ae_mse_l128,patient_mean,mse_ssim_score,accuracy,0.7464566929133858,0.7118110236220473,0.7795275590551181,0.0175590355017172,1000
ae_mse_l128,patient_mean,mse_ssim_score,precision,0.9012345679012346,0.8715729195529693,0.9298319594166138,0.0152627242276104,1000
ae_mse_l128,patient_mean,mse_ssim_score,recall,0.7510288065843621,0.7116554871063819,0.7889131261141599,0.0199548190456479,1000
ae_mse_l128,patient_mean,mse_ssim_score,f1,0.819304152637486,0.7897793263646922,0.8451673931996513,0.0143199058098396,1000
ae_mse_l128,patient_mean,mse_ssim_score,fpr,0.2684563758389262,0.1970552454558465,0.3398831873174802,0.0370534431153727,1000
ae_mse_l128,patient_mean,retina_band_mse,auroc,0.911619300135333,0.887274923275935,0.9355489486213286,0.0123262899654827,1000
ae_mse_l128,patient_mean,retina_band_mse,accuracy,0.8377952755905512,0.8110236220472441,0.8661417322834646,0.0145611901096671,1000
ae_mse_l128,patient_mean,retina_band_mse,precision,0.9592326139088728,0.9382600884466556,0.977561651426988,0.0101029969130531,1000
ae_mse_l128,patient_mean,retina_band_mse,recall,0.823045267489712,0.7922912205567452,0.857740807860068,0.0170749697594853,1000
ae_mse_l128,patient_mean,retina_band_mse,f1,0.8859357696566998,0.86546814285788,0.9071083487134948,0.0110768118788505,1000
ae_mse_l128,patient_mean,retina_band_mse,fpr,0.1140939597315436,0.0642811355311355,0.1712419956229229,0.0269347516651706,1000
ae_mse_l128,patient_mean,retina_weighted_mse,auroc,0.9164111912061204,0.8907213402828867,0.9372037517163516,0.0114293488502339,1000
ae_mse_l128,patient_mean,retina_weighted_mse,accuracy,0.8393700787401575,0.8094488188976378,0.8677165354330708,0.0146735164278335,1000
ae_mse_l128,patient_mean,retina_weighted_mse,precision,0.9593301435406698,0.9394619379511666,0.9774436090225564,0.0094309995892646,1000
ae_mse_l128,patient_mean,retina_weighted_mse,recall,0.8251028806584362,0.7906491036064207,0.8565727830451756,0.0172189277553303,1000
ae_mse_l128,patient_mean,retina_weighted_mse,f1,0.8871681415929203,0.863484822387157,0.9081008082083816,0.0111560989202305,1000
ae_mse_l128,patient_mean,retina_weighted_mse,fpr,0.1140939597315436,0.0675675675675675,0.1654710626403336,0.0254088544052678,1000
ae_mse_l128,patient_mean,topk_mse_5,auroc,0.9459082497859528,0.9240904993142132,0.9653621961862314,0.0105667955531403,1000
ae_mse_l128,patient_mean,topk_mse_5,accuracy,0.8472440944881889,0.8204724409448819,0.8740157480314961,0.0141106683635243,1000
ae_mse_l128,patient_mean,topk_mse_5,precision,0.9709443099273608,0.9543269230769232,0.9854730322490086,0.0082709797987117,1000
ae_mse_l128,patient_mean,topk_mse_5,recall,0.8251028806584362,0.7920776478908396,0.8574533373021431,0.0169473501445278,1000
ae_mse_l128,patient_mean,topk_mse_5,f1,0.8921023359288098,0.8716203236716409,0.9122104396420888,0.0106660514460148,1000
ae_mse_l128,patient_mean,topk_mse_5,fpr,0.0805369127516778,0.0390625,0.1276595744680851,0.0227803092010356,1000
ae_mse_l128,patient_mean,topk_mse_10,auroc,0.9381749385477944,0.9160358999078492,0.958002288845906,0.0106062077795108,1000
ae_mse_l128,patient_mean,topk_mse_10,accuracy,0.84251968503937,0.8141732283464567,0.8692913385826772,0.0140700056102354,1000
ae_mse_l128,patient_mean,topk_mse_10,precision,0.9707317073170731,0.9540738740751776,0.985749903135055,0.0085548353799381,1000
ae_mse_l128,patient_mean,topk_mse_10,recall,0.8189300411522634,0.784807579655146,0.8513370294938523,0.0169450391495443,1000
ae_mse_l128,patient_mean,topk_mse_10,f1,0.8883928571428571,0.8659334415584415,0.9081005548520436,0.0107825072713654,1000
ae_mse_l128,patient_mean,topk_mse_10,fpr,0.0805369127516778,0.0403212275384282,0.1301379995136581,0.0232133727022032,1000
ae_mse_l128,patient_mean,ensemble_mse_l1,auroc,0.8959041069406469,0.8676922503330573,0.9206757270885406,0.0133426317772661,1000
ae_mse_l128,patient_mean,ensemble_mse_l1,accuracy,0.8283464566929134,0.7968503937007874,0.8566929133858268,0.0152344244853753,1000
ae_mse_l128,patient_mean,ensemble_mse_l1,precision,0.9414519906323184,0.920266514806378,0.9618026902239184,0.0112824250264098,1000
ae_mse_l128,patient_mean,ensemble_mse_l1,recall,0.8271604938271605,0.7926723709701455,0.8600941911366877,0.0176445690043411,1000
ae_mse_l128,patient_mean,ensemble_mse_l1,f1,0.8806133625410734,0.8571428571428571,0.9024670962995258,0.0116682102858922,1000
ae_mse_l128,patient_mean,ensemble_mse_l1,fpr,0.1677852348993288,0.1118686868686868,0.2285714285714285,0.0297122103710091,1000
ae_mse_l128,patient_mean,ensemble_mse_l1_ssim,auroc,0.8813351009473306,0.8536068431949437,0.908691448698267,0.014275093133515,1000
ae_mse_l128,patient_mean,ensemble_mse_l1_ssim,accuracy,0.8110236220472441,0.7795275590551181,0.84251968503937,0.0156172790330263,1000
ae_mse_l128,patient_mean,ensemble_mse_l1_ssim,precision,0.9295774647887324,0.905522036822679,0.952496876090554,0.0123816172283488,1000
ae_mse_l128,patient_mean,ensemble_mse_l1_ssim,recall,0.8148148148148148,0.7817040724935462,0.8490993824453852,0.0177339986673588,1000
ae_mse_l128,patient_mean,ensemble_mse_l1_ssim,f1,0.868421052631579,0.8439400921658986,0.8919793603677482,0.0119777956696495,1000
ae_mse_l128,patient_mean,ensemble_mse_l1_ssim,fpr,0.2013422818791946,0.1377060946599951,0.2657342657342657,0.0329975950409372,1000
ae_mse_l128,patient_mean,ensemble_mse_retina,auroc,0.9171569033612283,0.8921743267930278,0.9392321158106642,0.0121146442808267,1000
ae_mse_l128,patient_mean,ensemble_mse_retina,accuracy,0.8377952755905512,0.8078740157480315,0.8661811023622047,0.0147320679451163,1000
ae_mse_l128,patient_mean,ensemble_mse_retina,precision,0.9636803874092008,0.945104115517694,0.9808646535362376,0.0092981077639943,1000
ae_mse_l128,patient_mean,ensemble_mse_retina,recall,0.8189300411522634,0.7849853647264231,0.8543124013542333,0.0175040682744613,1000
ae_mse_l128,patient_mean,ensemble_mse_retina,f1,0.8854282536151279,0.8628696631414022,0.9077342929386548,0.0112546797026111,1000
ae_mse_l128,patient_mean,ensemble_mse_retina,fpr,0.1006711409395973,0.0540449845818973,0.1543624161073825,0.025226647145103,1000
ae_mse_l128,patient_mean,ensemble_mse_ssim_topk,auroc,0.9179164250006904,0.8948670169565178,0.9396826958922304,0.0116911350664108,1000
ae_mse_l128,patient_mean,ensemble_mse_ssim_topk,accuracy,0.8393700787401575,0.8110236220472441,0.8677165354330708,0.0147498824875435,1000
ae_mse_l128,patient_mean,ensemble_mse_ssim_topk,precision,0.9549763033175356,0.9355570051729454,0.9734315522961412,0.0099454535800393,1000
ae_mse_l128,patient_mean,ensemble_mse_ssim_topk,recall,0.8292181069958847,0.7955465587044535,0.8617731736100287,0.0168121887751443,1000
ae_mse_l128,patient_mean,ensemble_mse_ssim_topk,f1,0.8876651982378855,0.8646744685987856,0.909282756710752,0.0111729451806396,1000
ae_mse_l128,patient_mean,ensemble_mse_ssim_topk,fpr,0.1275167785234899,0.0774626928236083,0.1824351136851136,0.0262145969200855,1000
ae_mse_l128,patient_mean,ensemble_l1_ssim_topk,auroc,0.9053636037230368,0.878066764860501,0.9292906732351754,0.0130974694657127,1000
ae_mse_l128,patient_mean,ensemble_l1_ssim_topk,accuracy,0.8440944881889764,0.8157086614173229,0.8724409448818897,0.0147252964517062,1000
ae_mse_l128,patient_mean,ensemble_l1_ssim_topk,precision,0.9468822170900691,0.9235870133263652,0.967293523147142,0.01115594737511,1000
ae_mse_l128,patient_mean,ensemble_l1_ssim_topk,recall,0.8436213991769548,0.809423839490573,0.874227715553035,0.0162024563612807,1000
ae_mse_l128,patient_mean,ensemble_l1_ssim_topk,f1,0.8922742110990207,0.8692693672524996,0.9125926835530648,0.0109273771694806,1000
ae_mse_l128,patient_mean,ensemble_l1_ssim_topk,fpr,0.1543624161073825,0.0986680856553147,0.2171052631578947,0.030362459865938,1000
ae_mse_l128,patient_mean,ensemble_mse_l1_retina,auroc,0.9055845554726988,0.8798930578096007,0.9290704950282224,0.0121088216106604,1000
ae_mse_l128,patient_mean,ensemble_mse_l1_retina,accuracy,0.8330708661417323,0.8062992125984252,0.8614173228346457,0.0142695310486414,1000
ae_mse_l128,patient_mean,ensemble_mse_l1_retina,precision,0.9523809523809524,0.9311726251943644,0.972031217042818,0.0104003066946028,1000
ae_mse_l128,patient_mean,ensemble_mse_l1_retina,recall,0.823045267489712,0.7920776478908396,0.8538645420013804,0.0167125400367891,1000
ae_mse_l128,patient_mean,ensemble_mse_l1_retina,f1,0.8830022075055187,0.8620981494181296,0.9033056478405316,0.0108169837780312,1000
ae_mse_l128,patient_mean,ensemble_mse_l1_retina,fpr,0.1342281879194631,0.0810771754413373,0.1913613081166272,0.0283134252029087,1000
ae_mse_l128,patient_mean,ensemble_all_base,auroc,0.9136216753666416,0.8903311046739033,0.9355031577692784,0.0115864688273309,1000
ae_mse_l128,patient_mean,ensemble_all_base,accuracy,0.8503937007874016,0.8236220472440945,0.8771653543307086,0.0139400268482014,1000
ae_mse_l128,patient_mean,ensemble_all_base,precision,0.9557109557109555,0.9370629370629372,0.9736242509572296,0.0096575835489354,1000
ae_mse_l128,patient_mean,ensemble_all_base,recall,0.8436213991769548,0.8105862822471147,0.8755165426659461,0.0163230065409409,1000
ae_mse_l128,patient_mean,ensemble_all_base,f1,0.8961748633879781,0.8766816143497758,0.9154021040756146,0.0103961471888369,1000
ae_mse_l128,patient_mean,ensemble_all_base,fpr,0.1275167785234899,0.0758490788852149,0.1805718680089485,0.0267418806506022,1000
ae_mse_l128,patient_max,mse,auroc,0.9091888308890548,0.8834008736292693,0.9311532594357536,0.0120507271362175,1000
ae_mse_l128,patient_max,mse,accuracy,0.5480314960629922,0.510236220472441,0.5874015748031496,0.019975309206263,1000
ae_mse_l128,patient_max,mse,precision,0.9901477832512317,0.975,1.0,0.0068702682004504,1000
ae_mse_l128,patient_max,mse,recall,0.4135802469135802,0.3690373145184754,0.4561064641327623,0.0221662827940255,1000
ae_mse_l128,patient_max,mse,f1,0.5834542815674891,0.5370775051188049,0.6246425953079179,0.0221972645987976,1000
ae_mse_l128,patient_max,mse,fpr,0.0134228187919463,0.0,0.0347344483568075,0.0094937217725416,1000
ae_mse_l128,patient_max,l1,auroc,0.8518656613362057,0.8154217214001339,0.8823932170410324,0.0172080394987356,1000
ae_mse_l128,patient_max,l1,accuracy,0.4803149606299212,0.4409055118110236,0.5181102362204725,0.0197489023574114,1000
ae_mse_l128,patient_max,l1,precision,0.9875,0.965905199252802,1.0,0.009056801251789,1000
ae_mse_l128,patient_max,l1,recall,0.3251028806584362,0.2824730405900875,0.3638171984354038,0.0210960830785935,1000
ae_mse_l128,patient_max,l1,f1,0.4891640866873065,0.4397878087930157,0.532335718266923,0.0241242741922993,1000
ae_mse_l128,patient_max,l1,fpr,0.0134228187919463,0.0,0.0354673252279635,0.0096019267003231,1000
ae_mse_l128,patient_max,ssim_error,auroc,0.7795315822907172,0.733959873586161,0.8182031312934802,0.0213564552712093,1000
ae_mse_l128,patient_max,ssim_error,accuracy,0.3338582677165354,0.2960629921259842,0.3700787401574803,0.0185593601738007,1000
ae_mse_l128,patient_max,ssim_error,precision,0.9315068493150684,0.8675775039745628,0.9852994458653028,0.030116383309084,1000
ae_mse_l128,patient_max,ssim_error,recall,0.139917695473251,0.110186669720568,0.1721469745435159,0.0157963903324353,1000
ae_mse_l128,patient_max,ssim_error,f1,0.2432915921288014,0.1962945492662474,0.2916774054982818,0.0241151243826881,1000
ae_mse_l128,patient_max,ssim_error,fpr,0.0335570469798657,0.0070410223579237,0.0671742638160548,0.0150401150244719,1000
ae_mse_l128,patient_max,mse_ssim_score,auroc,0.7885077471207225,0.7482130405321515,0.8275751128304321,0.0197892581059864,1000
ae_mse_l128,patient_max,mse_ssim_score,accuracy,0.3385826771653543,0.3039370078740157,0.3748031496062992,0.0187095115150739,1000
ae_mse_l128,patient_max,mse_ssim_score,precision,0.9342105263157896,0.875,0.9859203834115806,0.0284135096808681,1000
ae_mse_l128,patient_max,mse_ssim_score,recall,0.1460905349794238,0.1153787878787878,0.1804722207354279,0.0161366929310824,1000
ae_mse_l128,patient_max,mse_ssim_score,f1,0.2526690391459075,0.205123339658444,0.3034482758620689,0.0243479866083195,1000
ae_mse_l128,patient_max,mse_ssim_score,fpr,0.0335570469798657,0.0069917929292929,0.0638366066557555,0.0145133992123117,1000
ae_mse_l128,patient_max,retina_band_mse,auroc,0.9091750214047007,0.8836590524558126,0.9312130951242232,0.0120504778726627,1000
ae_mse_l128,patient_max,retina_band_mse,accuracy,0.537007874015748,0.4960629921259842,0.5763779527559055,0.020425708583936,1000
ae_mse_l128,patient_max,retina_band_mse,precision,0.9897959183673468,0.9733315508021392,1.0,0.0072285118358521,1000
ae_mse_l128,patient_max,retina_band_mse,recall,0.3991769547325103,0.3538008649670822,0.4425946944214167,0.0224787005242482,1000
ae_mse_l128,patient_max,retina_band_mse,f1,0.5689149560117303,0.5213350352630033,0.6119139568856283,0.0230035689773581,1000
ae_mse_l128,patient_max,retina_band_mse,fpr,0.0134228187919463,0.0,0.0349650349650349,0.0094666760152678,1000
ae_mse_l128,patient_max,retina_weighted_mse,auroc,0.9137321512414728,0.8896415898876855,0.935707653397091,0.011649673068161,1000
ae_mse_l128,patient_max,retina_weighted_mse,accuracy,0.5669291338582677,0.5307086614173229,0.604763779527559,0.0197170296445229,1000
ae_mse_l128,patient_max,retina_weighted_mse,precision,0.9953051643192488,0.9853640602582496,1.0,0.0043945614038526,1000
ae_mse_l128,patient_max,retina_weighted_mse,recall,0.4362139917695473,0.3937313528806584,0.4836784068466096,0.0222222501958568,1000
ae_mse_l128,patient_max,retina_weighted_mse,f1,0.6065808297567954,0.5634218289085545,0.6503683250582633,0.0215420279555774,1000
ae_mse_l128,patient_max,retina_weighted_mse,fpr,0.0067114093959731,0.0,0.0206932471264367,0.0062499083236867,1000
ae_mse_l128,patient_max,topk_mse_5,auroc,0.942303974369597,0.91999935595962,0.960441148072408,0.010412792174107,1000
ae_mse_l128,patient_max,topk_mse_5,accuracy,0.5133858267716536,0.4755905511811024,0.5543307086614173,0.0199401065762135,1000
ae_mse_l128,patient_max,topk_mse_5,precision,0.988950276243094,0.9717514124293786,1.0,0.0077496576185015,1000
ae_mse_l128,patient_max,topk_mse_5,recall,0.3683127572016461,0.3265709732168729,0.4126260915386931,0.0218645144270857,1000
ae_mse_l128,patient_max,topk_mse_5,f1,0.5367316341829086,0.4908464680165669,0.5827258103382026,0.0233950215309134,1000
ae_mse_l128,patient_max,topk_mse_5,fpr,0.0134228187919463,0.0,0.0347222222222222,0.0093462923019616,1000
ae_mse_l128,patient_max,topk_mse_10,auroc,0.9352197088960698,0.9132035761618906,0.954879354509383,0.0102410838422259,1000
ae_mse_l128,patient_max,topk_mse_10,accuracy,0.5401574803149606,0.5023622047244094,0.5764173228346456,0.0193842539203124,1000
ae_mse_l128,patient_max,topk_mse_10,precision,0.98989898989899,0.9743556701030928,1.0,0.0069747362811244,1000
ae_mse_l128,patient_max,topk_mse_10,recall,0.4032921810699588,0.359504132231405,0.4444669365721997,0.0218591690234498,1000
ae_mse_l128,patient_max,topk_mse_10,f1,0.5730994152046783,0.5273003829244078,0.6143515575333757,0.0222453460286674,1000
ae_mse_l128,patient_max,topk_mse_10,fpr,0.0134228187919463,0.0,0.0352112676056338,0.0093497991340274,1000
ae_mse_l128,patient_max,ensemble_mse_l1,auroc,0.8902836468086281,0.8621219367891763,0.9167107260276316,0.0141037641174113,1000
ae_mse_l128,patient_max,ensemble_mse_l1,accuracy,0.5669291338582677,0.5307086614173229,0.6031496062992125,0.0193525110591526,1000
ae_mse_l128,patient_max,ensemble_mse_l1,precision,0.9906976744186048,0.9760736796098638,1.0,0.0064730152718288,1000
ae_mse_l128,patient_max,ensemble_mse_l1,recall,0.4382716049382716,0.3945530852506295,0.4797465007909759,0.0221628565590225,1000
ae_mse_l128,patient_max,ensemble_mse_l1,f1,0.6077032810271041,0.5641789992211019,0.6467299578059071,0.0215246933992927,1000
ae_mse_l128,patient_max,ensemble_mse_l1,fpr,0.0134228187919463,0.0,0.0338012581547064,0.0091773636986732,1000
ae_mse_l128,patient_max,ensemble_mse_l1_ssim,auroc,0.874388930317342,0.8432760047630778,0.9013490408150072,0.0149322196597796,1000
ae_mse_l128,patient_max,ensemble_mse_l1_ssim,accuracy,0.5322834645669291,0.489763779527559,0.5700787401574803,0.0202234814322773,1000
ae_mse_l128,patient_max,ensemble_mse_l1_ssim,precision,0.9896373056994818,0.9722144194756556,1.0,0.0075359854193795,1000
ae_mse_l128,patient_max,ensemble_mse_l1_ssim,recall,0.3930041152263374,0.3463054931955031,0.4372501831118552,0.0228420800818961,1000
ae_mse_l128,patient_max,ensemble_mse_l1_ssim,f1,0.5625920471281296,0.5138346456692914,0.6064903317453303,0.0235940566926969,1000
ae_mse_l128,patient_max,ensemble_mse_l1_ssim,fpr,0.0134228187919463,0.0,0.0352175107381879,0.0095914935324663,1000
ae_mse_l128,patient_max,ensemble_mse_retina,auroc,0.913414533101334,0.8892828943846689,0.9343422595673468,0.0116837829672869,1000
ae_mse_l128,patient_max,ensemble_mse_retina,accuracy,0.5669291338582677,0.5291338582677165,0.6031496062992125,0.0189672643233184,1000
ae_mse_l128,patient_max,ensemble_mse_retina,precision,0.9953051643192488,0.9846113989637306,1.0,0.0048424980260639,1000
ae_mse_l128,patient_max,ensemble_mse_retina,recall,0.4362139917695473,0.3930644234253371,0.4793553719008264,0.0218393675304059,1000
ae_mse_l128,patient_max,ensemble_mse_retina,f1,0.6065808297567954,0.5634081394732658,0.6471566750800399,0.0212079205237164,1000
ae_mse_l128,patient_max,ensemble_mse_retina,fpr,0.0067114093959731,0.0,0.0220588235294117,0.0068591064866458,1000
ae_mse_l128,patient_max,ensemble_mse_ssim_topk,auroc,0.9132902477421492,0.8899724101167752,0.9367276663291172,0.0117406682485175,1000
ae_mse_l128,patient_max,ensemble_mse_ssim_topk,accuracy,0.5448818897637795,0.5055118110236221,0.5826771653543307,0.0201902913209308,1000
ae_mse_l128,patient_max,ensemble_mse_ssim_topk,precision,0.9900497512437813,0.9749936868686868,1.0,0.0070455827498762,1000
ae_mse_l128,patient_max,ensemble_mse_ssim_topk,recall,0.4094650205761317,0.3613891740816792,0.4539922034764826,0.0228193965929008,1000
ae_mse_l128,patient_max,ensemble_mse_ssim_topk,f1,0.5793304221251819,0.5293896838014485,0.6231985832926233,0.0230753660993557,1000
ae_mse_l128,patient_max,ensemble_mse_ssim_topk,fpr,0.0134228187919463,0.0,0.0340136054421768,0.0094558084451107,1000
ae_mse_l128,patient_max,ensemble_l1_ssim_topk,auroc,0.8993564780291103,0.8744899477399477,0.9239686280409302,0.0128268205011777,1000
ae_mse_l128,patient_max,ensemble_l1_ssim_topk,accuracy,0.5716535433070866,0.5369685039370079,0.6110236220472441,0.0193352960316688,1000
ae_mse_l128,patient_max,ensemble_l1_ssim_topk,precision,0.9863636363636364,0.9690196349557522,1.0,0.0078389008076948,1000
ae_mse_l128,patient_max,ensemble_l1_ssim_topk,recall,0.4465020576131687,0.403229820988316,0.4876555859137826,0.0219271136437047,1000
ae_mse_l128,patient_max,ensemble_l1_ssim_topk,f1,0.6147308781869688,0.572233691164327,0.6534160055000633,0.0210769918758099,1000
ae_mse_l128,patient_max,ensemble_l1_ssim_topk,fpr,0.0201342281879194,0.0,0.0445859872611464,0.0114833520019904,1000
ae_mse_l128,patient_max,ensemble_mse_l1_retina,auroc,0.9014969481039578,0.875968401109326,0.9249210102242832,0.0128159670283179,1000
ae_mse_l128,patient_max,ensemble_mse_l1_retina,accuracy,0.5795275590551181,0.5417322834645669,0.6173228346456693,0.0197071770092669,1000
ae_mse_l128,patient_max,ensemble_mse_l1_retina,precision,0.9910313901345292,0.9766157614339248,1.0,0.0065510467557067,1000
ae_mse_l128,patient_max,ensemble_mse_l1_retina,recall,0.4547325102880658,0.4113865205565436,0.4989566923250979,0.0225565570933231,1000
ae_mse_l128,patient_max,ensemble_mse_l1_retina,f1,0.6234132581100141,0.5811755952380953,0.6631192000795636,0.0214038633548999,1000
ae_mse_l128,patient_max,ensemble_mse_l1_retina,fpr,0.0134228187919463,0.0,0.0359712230215827,0.0096874066301786,1000
ae_mse_l128,patient_max,ensemble_all_base,auroc,0.9090369265611622,0.8846761213849531,0.9301778961435664,0.0116293347320909,1000
ae_mse_l128,patient_max,ensemble_all_base,accuracy,0.5716535433070866,0.5291338582677165,0.6094488188976378,0.0205565993588338,1000
ae_mse_l128,patient_max,ensemble_all_base,precision,0.9908256880733946,0.9775734025931864,1.0,0.0060740007188643,1000
ae_mse_l128,patient_max,ensemble_all_base,recall,0.4444444444444444,0.3966748186878057,0.4878061123728646,0.023213329876242,1000
ae_mse_l128,patient_max,ensemble_all_base,f1,0.6136363636363636,0.5659066211159915,0.6540057572943073,0.0223285928077232,1000
ae_mse_l128,patient_max,ensemble_all_base,fpr,0.0134228187919463,0.0,0.0333333333333333,0.0088681435037658,1000
ae_mse_l128,patient_top2_mean,mse,auroc,0.912572154555749,0.8888358585407903,0.9331366286123396,0.0112677200318732,1000
ae_mse_l128,patient_top2_mean,mse,accuracy,0.6125984251968504,0.5779527559055118,0.6519685039370079,0.019344250484277,1000
ae_mse_l128,patient_top2_mean,mse,precision,0.9878048780487804,0.9729703540750052,1.0,0.0070308175575461,1000
ae_mse_l128,patient_top2_mean,mse,recall,0.5,0.4587376771086772,0.5435792531120331,0.0223907252400837,1000
ae_mse_l128,patient_top2_mean,mse,f1,0.6639344262295082,0.6257095772390302,0.7016816660704793,0.0198801130061373,1000
ae_mse_l128,patient_top2_mean,mse,fpr,0.0201342281879194,0.0,0.0448863636363636,0.0116838315499304,1000
ae_mse_l128,patient_top2_mean,l1,auroc,0.85940563979341,0.8275914401830157,0.889383968329767,0.0153863061600824,1000
ae_mse_l128,patient_top2_mean,l1,accuracy,0.474015748031496,0.4362204724409448,0.5149606299212598,0.0203777672563665,1000
ae_mse_l128,patient_top2_mean,l1,precision,0.9871794871794872,0.9670989022971792,1.0,0.0090841468635097,1000
ae_mse_l128,patient_top2_mean,l1,recall,0.3168724279835391,0.2738454199332139,0.3600906635802469,0.0219517462908133,1000
ae_mse_l128,patient_top2_mean,l1,f1,0.4797507788161994,0.4283245976839626,0.5275862678937057,0.0252767869102604,1000
ae_mse_l128,patient_top2_mean,l1,fpr,0.0134228187919463,0.0,0.0333620689655172,0.0094453658094695,1000
ae_mse_l128,patient_top2_mean,ssim_error,auroc,0.7884525091833071,0.7529895132281272,0.8255616724304522,0.0198667129662728,1000
ae_mse_l128,patient_top2_mean,ssim_error,accuracy,0.3590551181102362,0.321259842519685,0.3968503937007874,0.0190689106084025,1000
ae_mse_l128,patient_top2_mean,ssim_error,precision,0.9540229885057472,0.9032258064516128,0.9895833333333334,0.0223483907849129,1000
ae_mse_l128,patient_top2_mean,ssim_error,recall,0.1707818930041152,0.1384841581455897,0.206125637755102,0.0174862454214585,1000
ae_mse_l128,patient_top2_mean,ssim_error,f1,0.2897033158813263,0.2411315628348385,0.3394989693990804,0.0253351153504954,1000
ae_mse_l128,patient_top2_mean,ssim_error,fpr,0.0268456375838926,0.0064102564102564,0.0555555555555555,0.0130113158460995,1000
ae_mse_l128,patient_top2_mean,mse_ssim_score,auroc,0.796793437733035,0.7557547089994803,0.8331182464169821,0.0197879979012866,1000
ae_mse_l128,patient_top2_mean,mse_ssim_score,accuracy,0.368503937007874,0.3338188976377952,0.404763779527559,0.0188366269528903,1000
ae_mse_l128,patient_top2_mean,mse_ssim_score,precision,0.956989247311828,0.9108716208699522,0.99009900990099,0.0216254573929811,1000
ae_mse_l128,patient_top2_mean,mse_ssim_score,recall,0.1831275720164609,0.1515743342419794,0.2181864564007421,0.0172516363600998,1000
ae_mse_l128,patient_top2_mean,mse_ssim_score,f1,0.307426597582038,0.2617768207322337,0.3558597870779283,0.0245113413802974,1000
ae_mse_l128,patient_top2_mean,mse_ssim_score,fpr,0.0268456375838926,0.0062893081761006,0.0563581488933601,0.0136756191742765,1000
ae_mse_l128,patient_top2_mean,retina_band_mse,auroc,0.9112050156047172,0.8866103301723672,0.9322058880582442,0.0116005879869323,1000
ae_mse_l128,patient_top2_mean,retina_band_mse,accuracy,0.5984251968503937,0.5590551181102362,0.6362204724409449,0.0198420605279116,1000
ae_mse_l128,patient_top2_mean,retina_band_mse,precision,0.9914893617021276,0.9782608695652174,1.0,0.0059249166370531,1000
ae_mse_l128,patient_top2_mean,retina_band_mse,recall,0.4794238683127572,0.4365756756756757,0.5248232418686964,0.0229782068389705,1000
ae_mse_l128,patient_top2_mean,retina_band_mse,f1,0.6463245492371706,0.6060479797979799,0.6874154262516915,0.0210172017047064,1000
ae_mse_l128,patient_top2_mean,retina_band_mse,fpr,0.0134228187919463,0.0,0.0349650349650349,0.00929242632994,1000
ae_mse_l128,patient_top2_mean,retina_weighted_mse,auroc,0.9157207169884276,0.8921735529112376,0.9382502347975789,0.0115691729578628,1000
ae_mse_l128,patient_top2_mean,retina_weighted_mse,accuracy,0.6125984251968504,0.5716535433070866,0.6503937007874016,0.0195660191658536,1000
ae_mse_l128,patient_top2_mean,retina_weighted_mse,precision,0.9878048780487804,0.9730717054263566,1.0,0.0067417623006349,1000
ae_mse_l128,patient_top2_mean,retina_weighted_mse,recall,0.5,0.4564279963549177,0.5452762026705689,0.0228097458343119,1000
ae_mse_l128,patient_top2_mean,retina_weighted_mse,f1,0.6639344262295082,0.6235558553825581,0.7020774677116985,0.0203374373711972,1000
ae_mse_l128,patient_top2_mean,retina_weighted_mse,fpr,0.0201342281879194,0.0,0.0454545454545454,0.0111510135448403,1000
ae_mse_l128,patient_top2_mean,topk_mse_5,auroc,0.94467920567846,0.922636058583184,0.963497327181526,0.0104226137192194,1000
ae_mse_l128,patient_top2_mean,topk_mse_5,accuracy,0.5590551181102362,0.5196456692913386,0.5952755905511811,0.0192708449615924,1000
ae_mse_l128,patient_top2_mean,topk_mse_5,precision,0.9904761904761904,0.9761847527472528,1.0,0.0065291638000575,1000
ae_mse_l128,patient_top2_mean,topk_mse_5,recall,0.4279835390946502,0.3828388359053411,0.4699915244588936,0.0222985686081156,1000
ae_mse_l128,patient_top2_mean,topk_mse_5,f1,0.5977011494252874,0.5522102367519517,0.6381274123968819,0.0219360183887201,1000
ae_mse_l128,patient_top2_mean,topk_mse_5,fpr,0.0134228187919463,0.0,0.0333445945945945,0.0092669671044928,1000
ae_mse_l128,patient_top2_mean,topk_mse_10,auroc,0.9367525616593476,0.9135880665990588,0.9558262393704696,0.0106074816126614,1000
ae_mse_l128,patient_top2_mean,topk_mse_10,accuracy,0.5952755905511811,0.5558661417322835,0.631496062992126,0.0196893408398466,1000
ae_mse_l128,patient_top2_mean,topk_mse_10,precision,0.9914163090128756,0.9782584962977028,1.0,0.0060443314110951,1000
ae_mse_l128,patient_top2_mean,topk_mse_10,recall,0.4753086419753086,0.427969707319308,0.5151561628555493,0.0225547131636271,1000
ae_mse_l128,patient_top2_mean,topk_mse_10,f1,0.6425591098748261,0.5985199851119705,0.6792491441221138,0.0208472324542082,1000
ae_mse_l128,patient_top2_mean,topk_mse_10,fpr,0.0134228187919463,0.0,0.0342584665144596,0.0093023483660997,1000
ae_mse_l128,patient_top2_mean,ensemble_mse_l1,auroc,0.8950341094263541,0.8685011279130245,0.9195792110870756,0.0132346275016672,1000
ae_mse_l128,patient_top2_mean,ensemble_mse_l1,accuracy,0.5606299212598426,0.521259842519685,0.6,0.0201236676178192,1000
ae_mse_l128,patient_top2_mean,ensemble_mse_l1,precision,0.9859154929577464,0.9669652576197388,1.0,0.0083017962130626,1000
ae_mse_l128,patient_top2_mean,ensemble_mse_l1,recall,0.4320987654320987,0.3888713080168776,0.475792011475229,0.0225549827553491,1000
ae_mse_l128,patient_top2_mean,ensemble_mse_l1,f1,0.6008583690987125,0.5575221238938053,0.6420532242126737,0.0220131328237631,1000
ae_mse_l128,patient_top2_mean,ensemble_mse_l1,fpr,0.0201342281879194,0.0,0.0486111111111111,0.0120232045977673,1000
ae_mse_l128,patient_top2_mean,ensemble_mse_l1_ssim,auroc,0.8804651034330379,0.8516228902973985,0.9060264931317148,0.0141213387462669,1000
ae_mse_l128,patient_top2_mean,ensemble_mse_l1_ssim,accuracy,0.5275590551181102,0.4897244094488189,0.5653543307086614,0.0199437587406241,1000
ae_mse_l128,patient_top2_mean,ensemble_mse_l1_ssim,precision,0.9894736842105264,0.9719021322778346,1.0,0.0073885588843713,1000
ae_mse_l128,patient_top2_mean,ensemble_mse_l1_ssim,recall,0.3868312757201646,0.3448927446730195,0.4297418533604888,0.0219269864005789,1000
ae_mse_l128,patient_top2_mean,ensemble_mse_l1_ssim,f1,0.5562130177514792,0.5114658995649344,0.5991512733432759,0.022773050928603,1000
ae_mse_l128,patient_top2_mean,ensemble_mse_l1_ssim,fpr,0.0134228187919463,0.0,0.0368154964780731,0.0095775381532025,1000
ae_mse_l128,patient_top2_mean,ensemble_mse_retina,auroc,0.9162040489408124,0.8906031290265767,0.938858858994114,0.0121321272324305,1000
ae_mse_l128,patient_top2_mean,ensemble_mse_retina,accuracy,0.6110236220472441,0.5748031496062992,0.6488188976377953,0.0192179185509659,1000
ae_mse_l128,patient_top2_mean,ensemble_mse_retina,precision,0.9877551020408164,0.9716541353383458,1.0,0.0071245134396118,1000
ae_mse_l128,patient_top2_mean,ensemble_mse_retina,recall,0.4979423868312757,0.4551099028029707,0.5406571004332797,0.0226155031673673,1000
ae_mse_l128,patient_top2_mean,ensemble_mse_retina,f1,0.6621067031463749,0.6228991167253112,0.6993367346938776,0.0202324226030499,1000
ae_mse_l128,patient_top2_mean,ensemble_mse_retina,fpr,0.0201342281879194,0.0,0.0460526315789473,0.0116136961371722,1000
ae_mse_l128,patient_top2_mean,ensemble_mse_ssim_topk,auroc,0.9169221421272132,0.8940732225971703,0.938961762970206,0.0116739870021499,1000
ae_mse_l128,patient_top2_mean,ensemble_mse_ssim_topk,accuracy,0.6125984251968504,0.5763779527559055,0.6488188976377953,0.0184679873643088,1000
ae_mse_l128,patient_top2_mean,ensemble_mse_ssim_topk,precision,0.9918032786885246,0.9789893805623516,1.0,0.0057429554955561,1000
ae_mse_l128,patient_top2_mean,ensemble_mse_ssim_topk,recall,0.4979423868312757,0.4556267777490465,0.54032666187802,0.0213718912416301,1000
ae_mse_l128,patient_top2_mean,ensemble_mse_ssim_topk,f1,0.663013698630137,0.6237342165826958,0.7001321900166514,0.0190762827647041,1000
ae_mse_l128,patient_top2_mean,ensemble_mse_ssim_topk,fpr,0.0134228187919463,0.0,0.0349711907810499,0.0093946505232256,1000
ae_mse_l128,patient_top2_mean,ensemble_l1_ssim_topk,auroc,0.9042864639434364,0.8795793721811727,0.9284290690216098,0.0126627811461528,1000
ae_mse_l128,patient_top2_mean,ensemble_l1_ssim_topk,accuracy,0.5763779527559055,0.5354330708661418,0.6157480314960629,0.0196397230476244,1000
ae_mse_l128,patient_top2_mean,ensemble_l1_ssim_topk,precision,0.9822222222222222,0.963632212536322,0.9956521739130436,0.0086544850132301,1000
ae_mse_l128,patient_top2_mean,ensemble_l1_ssim_topk,recall,0.4547325102880658,0.4110019420903955,0.5,0.0226187574959081,1000
ae_mse_l128,patient_top2_mean,ensemble_l1_ssim_topk,f1,0.6216596343178622,0.5787113549164473,0.6620722011648331,0.0213368310210242,1000
ae_mse_l128,patient_top2_mean,ensemble_l1_ssim_topk,fpr,0.0268456375838926,0.0065359477124183,0.0555641821946169,0.0130593925086633,1000
ae_mse_l128,patient_top2_mean,ensemble_mse_l1_retina,auroc,0.9049078907393596,0.8792655249342081,0.92770325083673,0.0126952305085724,1000
ae_mse_l128,patient_top2_mean,ensemble_mse_l1_retina,accuracy,0.5826771653543307,0.5464173228346457,0.6220472440944882,0.0198795574983335,1000
ae_mse_l128,patient_top2_mean,ensemble_mse_l1_retina,precision,0.986784140969163,0.9691526707048458,1.0,0.0078884090047644,1000
ae_mse_l128,patient_top2_mean,ensemble_mse_l1_retina,recall,0.4609053497942387,0.4182063619865552,0.508142346509672,0.0231357577656099,1000
ae_mse_l128,patient_top2_mean,ensemble_mse_l1_retina,f1,0.6283309957924264,0.5867400094029149,0.6704414034953973,0.0216430237946401,1000
ae_mse_l128,patient_top2_mean,ensemble_mse_l1_retina,fpr,0.0201342281879194,0.0,0.0451686217008797,0.0117169821006028,1000
ae_mse_l128,patient_top2_mean,ensemble_all_base,auroc,0.9127102493992874,0.8893788501298886,0.9343765883785052,0.0118160300320899,1000
ae_mse_l128,patient_top2_mean,ensemble_all_base,accuracy,0.6062992125984252,0.568503937007874,0.6441338582677165,0.0190829001114217,1000
ae_mse_l128,patient_top2_mean,ensemble_all_base,precision,0.987603305785124,0.9740231507622812,1.0,0.0068786110176823,1000
ae_mse_l128,patient_top2_mean,ensemble_all_base,recall,0.4917695473251028,0.447077340195763,0.5348954662908151,0.0222141023020034,1000
ae_mse_l128,patient_top2_mean,ensemble_all_base,f1,0.6565934065934066,0.6162255808614798,0.6954207964570467,0.019969942281986,1000
ae_mse_l128,patient_top2_mean,ensemble_all_base,fpr,0.0201342281879194,0.0,0.0422610128858255,0.011050608441365,1000
ae_mse_l128_e60,image,mse,auroc,0.911216,0.8935567136254664,0.9280988940071864,0.0091361464841075,1000
ae_mse_l128_e60,image,mse,accuracy,0.771,0.747,0.796,0.0128006936436178,1000
ae_mse_l128_e60,image,mse,precision,0.9744990892531876,0.960986776695168,0.9859457191333062,0.0067542566554166,1000
ae_mse_l128_e60,image,mse,recall,0.7133333333333334,0.6842696123657154,0.7452159884953632,0.0160456717507089,1000
ae_mse_l128_e60,image,mse,f1,0.8237105465742879,0.8028385613364731,0.8459866094298323,0.0111190385588849,1000
ae_mse_l128_e60,image,mse,fpr,0.056,0.0305553731490297,0.0878694560669456,0.014728005213701,1000
ae_mse_l128_e60,image,l1,auroc,0.8472106666666667,0.8222058015594004,0.8697111320387663,0.0126623670028904,1000
ae_mse_l128_e60,image,l1,accuracy,0.707,0.678,0.7340249999999999,0.0138788880871103,1000
ae_mse_l128_e60,image,l1,precision,0.9542743538767396,0.9359210654318344,0.9709892554868572,0.0091755333905,1000
ae_mse_l128_e60,image,l1,recall,0.64,0.6047939199327232,0.6733421052631579,0.0170543196929559,1000
ae_mse_l128_e60,image,l1,f1,0.7661612130885874,0.7385571082365531,0.7905566935397992,0.0129809333810112,1000
ae_mse_l128_e60,image,l1,fpr,0.092,0.0588235294117647,0.1287939882697947,0.0177874034230691,1000
ae_mse_l128_e60,image,ssim_error,auroc,0.7603146666666667,0.7230323630477187,0.795761423694918,0.0178812606960385,1000
ae_mse_l128_e60,image,ssim_error,accuracy,0.596,0.566,0.6250249999999999,0.0158279814251848,1000
ae_mse_l128_e60,image,ssim_error,precision,0.9178743961352656,0.889648816144923,0.9437347969909768,0.0133231911954756,1000
ae_mse_l128_e60,image,ssim_error,recall,0.5066666666666667,0.471040815598863,0.5432044783723954,0.018900570725097,1000
ae_mse_l128_e60,image,ssim_error,f1,0.6529209621993127,0.6207994598165906,0.6826597727615367,0.0167817251365641,1000
ae_mse_l128_e60,image,ssim_error,fpr,0.136,0.0950186003255056,0.1814805399719495,0.0214697012454249,1000
ae_mse_l128_e60,image,mse_ssim_score,auroc,0.7698506666666667,0.7363653379296339,0.8035721608743148,0.0172316414585946,1000
ae_mse_l128_e60,image,mse_ssim_score,accuracy,0.609,0.576,0.639025,0.0157924445639459,1000
ae_mse_l128_e60,image,mse_ssim_score,precision,0.9203747072599532,0.8931972488223456,0.9436627648775536,0.0131404018228157,1000
ae_mse_l128_e60,image,mse_ssim_score,recall,0.524,0.4884015166279832,0.5619089846033911,0.018489477799149,1000
ae_mse_l128_e60,image,mse_ssim_score,f1,0.6677994902293968,0.6355080175393675,0.7000864122661953,0.0162679479211944,1000
ae_mse_l128_e60,image,mse_ssim_score,fpr,0.136,0.0971499695183905,0.1787110884416829,0.0211175083939667,1000
ae_mse_l128_e60,image,retina_band_mse,auroc,0.9087626666666668,0.8898268842529184,0.926986528750792,0.0094508046639039,1000
ae_mse_l128_e60,image,retina_band_mse,accuracy,0.767,0.741,0.791,0.0129935689028393,1000
ae_mse_l128_e60,image,retina_band_mse,precision,0.983177570093458,0.9720530882123528,0.9925788497217068,0.0056083281353739,1000
ae_mse_l128_e60,image,retina_band_mse,recall,0.7013333333333334,0.6702572387446892,0.7310281307593534,0.0160668596588044,1000
ae_mse_l128_e60,image,retina_band_mse,f1,0.8186770428015564,0.79588525578907,0.839451895908187,0.0113178183353454,1000
ae_mse_l128_e60,image,retina_band_mse,fpr,0.036,0.0155611976623649,0.0608784383318544,0.0117621282944426,1000
ae_mse_l128_e60,image,retina_weighted_mse,auroc,0.9133973333333332,0.8949670122370103,0.9302644160806262,0.0091635753750885,1000
ae_mse_l128_e60,image,retina_weighted_mse,accuracy,0.777,0.748,0.801,0.0134170536381251,1000
ae_mse_l128_e60,image,retina_weighted_mse,precision,0.976491862567812,0.9630297117820223,0.9877230228951928,0.0063788598258335,1000
ae_mse_l128_e60,image,retina_weighted_mse,recall,0.72,0.6835675285407281,0.7496838521400778,0.0167513787839294,1000
ae_mse_l128_e60,image,retina_weighted_mse,f1,0.8288564850345357,0.8031978210116731,0.8494847564060154,0.0115764110187236,1000
ae_mse_l128_e60,image,retina_weighted_mse,fpr,0.052,0.0271239864563842,0.0836824691722116,0.0141448986836434,1000
ae_mse_l128_e60,image,topk_mse_5,auroc,0.945712,0.931168901855118,0.9587707061129248,0.0072300005146821,1000
ae_mse_l128_e60,image,topk_mse_5,accuracy,0.799,0.772,0.8230249999999999,0.0129285394044002,1000
ae_mse_l128_e60,image,topk_mse_5,precision,0.9910554561717352,0.981948642455657,0.998217468805704,0.0040757811245558,1000
ae_mse_l128_e60,image,topk_mse_5,recall,0.7386666666666667,0.7059583171016751,0.7694386404425193,0.0162234384790901,1000
ae_mse_l128_e60,image,topk_mse_5,f1,0.8464476699770818,0.824355437618543,0.8662280048529473,0.0109156503614097,1000
ae_mse_l128_e60,image,topk_mse_5,fpr,0.02,0.0040650406504065,0.0398238104399127,0.0090276737103083,1000
ae_mse_l128_e60,image,topk_mse_10,auroc,0.937136,0.9214987439586466,0.951337830837928,0.0076653470261659,1000
ae_mse_l128_e60,image,topk_mse_10,accuracy,0.798,0.769,0.821,0.012892942719642,1000
ae_mse_l128_e60,image,topk_mse_10,precision,0.9840989399293286,0.9727264970524356,0.9929824561403509,0.0051984116445719,1000
ae_mse_l128_e60,image,topk_mse_10,recall,0.7426666666666667,0.7074763996507694,0.7710882746672967,0.0161845854412016,1000
ae_mse_l128_e60,image,topk_mse_10,f1,0.8465045592705167,0.8227031597007439,0.8650674662668666,0.0109431079923242,1000
ae_mse_l128_e60,image,topk_mse_10,fpr,0.036,0.0156847426470588,0.0608524745995137,0.0117071866172902,1000
ae_mse_l128_e60,image,ensemble_mse_l1,auroc,0.89104,0.8709378096449799,0.9100804148650028,0.0102800780172687,1000
ae_mse_l128_e60,image,ensemble_mse_l1,accuracy,0.758,0.7309749999999999,0.783,0.0134390448666163,1000
ae_mse_l128_e60,image,ensemble_mse_l1,precision,0.9618181818181818,0.9447201047452194,0.9763220171249086,0.0081770523487461,1000
ae_mse_l128_e60,image,ensemble_mse_l1,recall,0.7053333333333334,0.6740231507622811,0.7362820819702652,0.0163933716311913,1000
ae_mse_l128_e60,image,ensemble_mse_l1,f1,0.8138461538461539,0.7910975624281809,0.8354819183808188,0.011631152825075,1000
ae_mse_l128_e60,image,ensemble_mse_l1,fpr,0.084,0.0526210103572183,0.1192335390946502,0.0174985801397302,1000
ae_mse_l128_e60,image,ensemble_mse_l1_ssim,auroc,0.8729173333333333,0.8497031922964424,0.8938868753214031,0.0115484781588168,1000
ae_mse_l128_e60,image,ensemble_mse_l1_ssim,accuracy,0.742,0.715,0.770025,0.0136950657474079,1000
ae_mse_l128_e60,image,ensemble_mse_l1_ssim,precision,0.9606741573033708,0.9426853681744988,0.9768808316598804,0.0086320055332866,1000
ae_mse_l128_e60,image,ensemble_mse_l1_ssim,recall,0.684,0.6526311758844315,0.7165579154411101,0.0164323852652234,1000
ae_mse_l128_e60,image,ensemble_mse_l1_ssim,f1,0.7990654205607477,0.7745569444918808,0.8217905792945225,0.0121006411567365,1000
ae_mse_l128_e60,image,ensemble_mse_l1_ssim,fpr,0.084,0.0501882239382239,0.1209684594191252,0.0178533266839522,1000
ae_mse_l128_e60,image,ensemble_mse_retina,auroc,0.9142026666666666,0.8969745298701451,0.93078468711898,0.0091363872278737,1000
ae_mse_l128_e60,image,ensemble_mse_retina,accuracy,0.778,0.751975,0.804025,0.0130939530932261,1000
ae_mse_l128_e60,image,ensemble_mse_retina,precision,0.9714285714285714,0.9574056693211984,0.983989295599616,0.0070631679116049,1000
ae_mse_l128_e60,image,ensemble_mse_retina,recall,0.7253333333333334,0.6919998643147897,0.7569489201718679,0.0162724460543663,1000
ae_mse_l128_e60,image,ensemble_mse_retina,f1,0.8305343511450382,0.8067895685683253,0.8517166564175407,0.0111684200655671,1000
ae_mse_l128_e60,image,ensemble_mse_retina,fpr,0.064,0.036261970766129,0.0950462416371507,0.0154230398414382,1000
ae_mse_l128_e60,image,ensemble_mse_ssim_topk,auroc,0.9158773333333334,0.8973914290749068,0.9322830564530804,0.0089424219368711,1000
ae_mse_l128_e60,image,ensemble_mse_ssim_topk,accuracy,0.785,0.759,0.809,0.0128714276072488,1000
ae_mse_l128_e60,image,ensemble_mse_ssim_topk,precision,0.9751332149200712,0.961599381923755,0.9872262773722628,0.0065775813206581,1000
ae_mse_l128_e60,image,ensemble_mse_ssim_topk,recall,0.732,0.7018212033991228,0.7624843771698375,0.0159088856876201,1000
ae_mse_l128_e60,image,ensemble_mse_ssim_topk,f1,0.8362528560548362,0.8143509026075328,0.8571533459198657,0.0108971839769224,1000
ae_mse_l128_e60,image,ensemble_mse_ssim_topk,fpr,0.056,0.0290337877889745,0.0873024537325847,0.0146359107465459,1000
ae_mse_l128_e60,image,ensemble_l1_ssim_topk,auroc,0.9019733333333332,0.8810836218966851,0.9208429083493994,0.0101915198954783,1000
ae_mse_l128_e60,image,ensemble_l1_ssim_topk,accuracy,0.773,0.746,0.8,0.0137854371449467,1000
ae_mse_l128_e60,image,ensemble_l1_ssim_topk,precision,0.9628318584070796,0.9471721794203402,0.9774361324487896,0.007983620465501,1000
ae_mse_l128_e60,image,ensemble_l1_ssim_topk,recall,0.7253333333333334,0.6939307588858272,0.7593637635190981,0.0169418376157021,1000
ae_mse_l128_e60,image,ensemble_l1_ssim_topk,f1,0.8273764258555133,0.8046200601413872,0.8502269665747657,0.0118429309247476,1000
ae_mse_l128_e60,image,ensemble_l1_ssim_topk,fpr,0.084,0.0517825929483646,0.1200038759689922,0.0175913218011637,1000
ae_mse_l128_e60,image,ensemble_mse_l1_retina,auroc,0.9017226666666666,0.8805311630883421,0.9201151579991492,0.0100948110431726,1000
ae_mse_l128_e60,image,ensemble_mse_l1_retina,accuracy,0.766,0.738,0.791025,0.0136571290238165,1000
ae_mse_l128_e60,image,ensemble_mse_l1_retina,precision,0.9657039711191336,0.9507271109308822,0.9794007490636704,0.0075783189853498,1000
ae_mse_l128_e60,image,ensemble_mse_l1_retina,recall,0.7133333333333334,0.6781412055225053,0.7438420882321216,0.0170079639001565,1000
ae_mse_l128_e60,image,ensemble_mse_l1_retina,f1,0.8205521472392638,0.7956430719407819,0.8418010428597263,0.0119079251076989,1000
ae_mse_l128_e60,image,ensemble_mse_l1_retina,fpr,0.076,0.0452674897119341,0.1102758991460449,0.0164045249731256,1000
ae_mse_l128_e60,image,ensemble_all_base,auroc,0.910432,0.8917828984820536,0.927443594902926,0.008989035417157,1000
ae_mse_l128_e60,image,ensemble_all_base,accuracy,0.781,0.756,0.805,0.0127168911027546,1000
ae_mse_l128_e60,image,ensemble_all_base,precision,0.9666080843585236,0.951955154433174,0.9804287814542793,0.0074285316254819,1000
ae_mse_l128_e60,image,ensemble_all_base,recall,0.7333333333333333,0.7027378995433791,0.763375064803176,0.0160148903042167,1000
ae_mse_l128_e60,image,ensemble_all_base,f1,0.8339651250947687,0.8128423904622716,0.8543833580980683,0.0108478072049453,1000
ae_mse_l128_e60,image,ensemble_all_base,fpr,0.076,0.0458238636363636,0.1094899200556134,0.0166315928395744,1000
ae_mse_l128_e60,patient_mean,mse,auroc,0.9144088159748116,0.8919070530532204,0.9362245471376824,0.011416777570415,1000
ae_mse_l128_e60,patient_mean,mse,accuracy,0.8362204724409449,0.8062992125984252,0.862992125984252,0.0146598266425084,1000
ae_mse_l128_e60,patient_mean,mse,precision,0.9547619047619048,0.9341456241033,0.9731739876864788,0.0101115990512014,1000
ae_mse_l128_e60,patient_mean,mse,recall,0.8251028806584362,0.7924574256569847,0.8577483423161477,0.0173727397304024,1000
ae_mse_l128_e60,patient_mean,mse,f1,0.8852097130242825,0.8616709914206233,0.9065817409766456,0.011260270048119,1000
ae_mse_l128_e60,patient_mean,mse,fpr,0.1275167785234899,0.0768965517241379,0.1783014950166113,0.0270599519195762,1000
ae_mse_l128_e60,patient_mean,l1,auroc,0.8589913552627945,0.8302309941847386,0.8889884116176212,0.0153904017774256,1000
ae_mse_l128_e60,patient_mean,l1,accuracy,0.7811023622047244,0.7496062992125985,0.8126377952755905,0.0164188232847063,1000
ae_mse_l128_e60,patient_mean,l1,precision,0.9140811455847256,0.8865166658080469,0.9403341288782816,0.0134062691497705,1000
ae_mse_l128_e60,patient_mean,l1,recall,0.7880658436213992,0.7484044137387161,0.8252384933123524,0.0192472723955882,1000
ae_mse_l128_e60,patient_mean,l1,f1,0.8464088397790055,0.821298456489514,0.8717962760131435,0.0130597413503387,1000
ae_mse_l128_e60,patient_mean,l1,fpr,0.2416107382550335,0.1733103448275862,0.3097276916631755,0.0339733911415783,1000
ae_mse_l128_e60,patient_mean,ssim_error,auroc,0.7881072720744607,0.7468290190626357,0.8262059699041626,0.0203096103500465,1000
ae_mse_l128_e60,patient_mean,ssim_error,accuracy,0.7322834645669292,0.6960629921259842,0.7653543307086614,0.0173451743774059,1000
ae_mse_l128_e60,patient_mean,ssim_error,precision,0.8969849246231156,0.8661616161616161,0.9242918178427316,0.0147052451622143,1000
ae_mse_l128_e60,patient_mean,ssim_error,recall,0.7345679012345679,0.6929256482349266,0.7715446324748262,0.0201186657498045,1000
ae_mse_l128_e60,patient_mean,ssim_error,f1,0.8076923076923077,0.7774005180607396,0.8340944043240445,0.0143191393933725,1000
ae_mse_l128_e60,patient_mean,ssim_error,fpr,0.2751677852348993,0.2066324503311258,0.3466805555555555,0.035692842495499,1000
ae_mse_l128_e60,patient_mean,mse_ssim_score,auroc,0.795937249703096,0.755732073933383,0.8330167490546022,0.0204344874104569,1000
ae_mse_l128_e60,patient_mean,mse_ssim_score,accuracy,0.7433070866141732,0.710236220472441,0.7763779527559055,0.0176285766761677,1000
ae_mse_l128_e60,patient_mean,mse_ssim_score,precision,0.8987654320987655,0.8681592039800995,0.9276815491392,0.0154403598335646,1000
ae_mse_l128_e60,patient_mean,mse_ssim_score,recall,0.7489711934156379,0.708732183433175,0.7857218523002422,0.0201589702216794,1000
ae_mse_l128_e60,patient_mean,mse_ssim_score,f1,0.8170594837261503,0.7874716460491546,0.8442002599236845,0.0144293332667116,1000
ae_mse_l128_e60,patient_mean,mse_ssim_score,fpr,0.2751677852348993,0.2027972027972027,0.3464185674269707,0.0374596798749302,1000
ae_mse_l128_e60,patient_mean,retina_band_mse,auroc,0.9119507277598256,0.8877960286431599,0.9346434541717922,0.0120001273119087,1000
ae_mse_l128_e60,patient_mean,retina_band_mse,accuracy,0.8409448818897638,0.8141732283464567,0.8692913385826772,0.014270852211763,1000
ae_mse_l128_e60,patient_mean,retina_band_mse,precision,0.9572446555819476,0.9357125176803396,0.9756127160786172,0.0101896060620923,1000
ae_mse_l128_e60,patient_mean,retina_band_mse,recall,0.8292181069958847,0.7987921368043993,0.8631650818222025,0.0166931480297906,1000
ae_mse_l128_e60,patient_mean,retina_band_mse,f1,0.8886438809261301,0.8687777550044409,0.9085135160378174,0.0108157273595539,1000
ae_mse_l128_e60,patient_mean,retina_band_mse,fpr,0.1208053691275167,0.0714170506912442,0.1764996130030959,0.0269675735780959,1000
ae_mse_l128_e60,patient_mean,retina_weighted_mse,auroc,0.9161902394564588,0.8921081101273635,0.9370658670530644,0.0112570741055376,1000
ae_mse_l128_e60,patient_mean,retina_weighted_mse,accuracy,0.8393700787401575,0.810984251968504,0.8661811023622047,0.0144449926961665,1000
ae_mse_l128_e60,patient_mean,retina_weighted_mse,precision,0.9507042253521126,0.9300687461522676,0.9693432212773496,0.0100504960136237,1000
ae_mse_l128_e60,patient_mean,retina_weighted_mse,recall,0.8333333333333334,0.7975619964423982,0.8644790597193703,0.0166931861328866,1000
ae_mse_l128_e60,patient_mean,retina_weighted_mse,f1,0.8881578947368421,0.8654270575641636,0.9092851290599824,0.0108539654040843,1000
ae_mse_l128_e60,patient_mean,retina_weighted_mse,fpr,0.1409395973154362,0.090215433794066,0.1986170212765957,0.0277108114776272,1000
ae_mse_l128_e60,patient_mean,topk_mse_5,auroc,0.945632060098876,0.9270007043752728,0.9630747897409512,0.0094386114876204,1000
ae_mse_l128_e60,patient_mean,topk_mse_5,accuracy,0.8488188976377953,0.8220472440944881,0.8755905511811024,0.0141925192116805,1000
ae_mse_l128_e60,patient_mean,topk_mse_5,precision,0.96875,0.951687896971611,0.9837274493108404,0.0084119467905173,1000
ae_mse_l128_e60,patient_mean,topk_mse_5,recall,0.8292181069958847,0.7980193069306931,0.8619958598726115,0.0169639876442439,1000
ae_mse_l128_e60,patient_mean,topk_mse_5,f1,0.893569844789357,0.8728771270612451,0.9134754411322888,0.0106965925654635,1000
ae_mse_l128_e60,patient_mean,topk_mse_5,fpr,0.087248322147651,0.0448529411764705,0.1347517730496454,0.0232125870263238,1000
ae_mse_l128_e60,patient_mean,topk_mse_10,auroc,0.9372635125804402,0.9180478682002184,0.9548614125151716,0.0098318032743976,1000
ae_mse_l128_e60,patient_mean,topk_mse_10,accuracy,0.84251968503937,0.8125984251968504,0.8692913385826772,0.0142854871168013,1000
ae_mse_l128_e60,patient_mean,topk_mse_10,precision,0.9684466019417476,0.950354609929078,0.9835709478315112,0.008736814823058,1000
ae_mse_l128_e60,patient_mean,topk_mse_10,recall,0.8209876543209876,0.7866331737237131,0.8533653887123026,0.0170908163048775,1000
ae_mse_l128_e60,patient_mean,topk_mse_10,f1,0.888641425389755,0.8657659348576195,0.9090958768007948,0.0109144201966617,1000
ae_mse_l128_e60,patient_mean,topk_mse_10,fpr,0.087248322147651,0.0457928521859819,0.1367019527235354,0.0236433814858565,1000
ae_mse_l128_e60,patient_mean,ensemble_mse_l1,auroc,0.8966360096114012,0.8699868853606897,0.9204865892007678,0.0130993490635823,1000
ae_mse_l128_e60,patient_mean,ensemble_mse_l1,accuracy,0.8283464566929134,0.7984251968503937,0.8566929133858268,0.0156607327062138,1000
ae_mse_l128_e60,patient_mean,ensemble_mse_l1,precision,0.9333333333333332,0.908235294117647,0.9562234351930564,0.0122862232716184,1000
ae_mse_l128_e60,patient_mean,ensemble_mse_l1,recall,0.8353909465020576,0.8008197443419581,0.8675016682921821,0.0173296424810596,1000
ae_mse_l128_e60,patient_mean,ensemble_mse_l1,f1,0.8816503800217155,0.8584166987302809,0.902545185240738,0.0118448704750878,1000
ae_mse_l128_e60,patient_mean,ensemble_mse_l1,fpr,0.1946308724832214,0.1328567128236002,0.260126801270048,0.0322260862555269,1000
ae_mse_l128_e60,patient_mean,ensemble_mse_l1_ssim,auroc,0.8822465269146851,0.8545503137390112,0.9092675305882092,0.0140053527698414,1000
ae_mse_l128_e60,patient_mean,ensemble_mse_l1_ssim,accuracy,0.8078740157480315,0.7763779527559055,0.8377952755905512,0.0154078606957863,1000
ae_mse_l128_e60,patient_mean,ensemble_mse_l1_ssim,precision,0.9232558139534884,0.8977272727272727,0.9460936149524632,0.0125371718682525,1000
ae_mse_l128_e60,patient_mean,ensemble_mse_l1_ssim,recall,0.8168724279835391,0.7825137611405019,0.8496972431442987,0.0175208233154008,1000
ae_mse_l128_e60,patient_mean,ensemble_mse_l1_ssim,f1,0.8668122270742358,0.8430264861991335,0.8895905948871766,0.0118239726756798,1000
ae_mse_l128_e60,patient_mean,ensemble_mse_l1_ssim,fpr,0.2214765100671141,0.1571358543417366,0.2848168387903487,0.0333218368700773,1000
ae_mse_l128_e60,patient_mean,ensemble_mse_retina,auroc,0.9170464274863978,0.8931049555885138,0.9385851134572668,0.0115403352840195,1000
ae_mse_l128_e60,patient_mean,ensemble_mse_retina,accuracy,0.84251968503937,0.8141732283464567,0.8693307086614173,0.0145720849849099,1000
ae_mse_l128_e60,patient_mean,ensemble_mse_retina,precision,0.9530516431924884,0.9306094713783364,0.9723502304147466,0.0105563524583439,1000
ae_mse_l128_e60,patient_mean,ensemble_mse_retina,recall,0.8353909465020576,0.8020822704081633,0.8683168380628367,0.01664374498217,1000
ae_mse_l128_e60,patient_mean,ensemble_mse_retina,f1,0.8903508771929824,0.8685691609977324,0.9111813807683896,0.0109204512560297,1000
ae_mse_l128_e60,patient_mean,ensemble_mse_retina,fpr,0.1342281879194631,0.0814714714714714,0.1944491051454138,0.0287915070298898,1000
ae_mse_l128_e60,patient_mean,ensemble_mse_ssim_topk,auroc,0.9191454691081836,0.8968179682549001,0.9401846573657412,0.0111240512283999,1000
ae_mse_l128_e60,patient_mean,ensemble_mse_ssim_topk,accuracy,0.8551181102362204,0.8251968503937008,0.8818897637795275,0.0142853457486062,1000
ae_mse_l128_e60,patient_mean,ensemble_mse_ssim_topk,precision,0.9539170506912442,0.935402596127512,0.972029598308668,0.0098481686826814,1000
ae_mse_l128_e60,patient_mean,ensemble_mse_ssim_topk,recall,0.8518518518518519,0.8189373938879457,0.8823559733171619,0.0160585937446315,1000
ae_mse_l128_e60,patient_mean,ensemble_mse_ssim_topk,f1,0.9,0.8783742261814887,0.9202095114336528,0.0106540122790774,1000
ae_mse_l128_e60,patient_mean,ensemble_mse_ssim_topk,fpr,0.1342281879194631,0.0848399487836107,0.1931208233092755,0.0268288755440943,1000
ae_mse_l128_e60,patient_mean,ensemble_l1_ssim_topk,auroc,0.9072416935951612,0.8812501089803813,0.9301982731196856,0.0124999450082507,1000
ae_mse_l128_e60,patient_mean,ensemble_l1_ssim_topk,accuracy,0.8456692913385827,0.815748031496063,0.8724803149606298,0.0146046191989096,1000
ae_mse_l128_e60,patient_mean,ensemble_l1_ssim_topk,precision,0.9429223744292238,0.9185962656529516,0.9636363636363636,0.0113402567169108,1000
ae_mse_l128_e60,patient_mean,ensemble_l1_ssim_topk,recall,0.8497942386831275,0.81707253688961,0.8794989562983381,0.0159200511437416,1000
ae_mse_l128_e60,patient_mean,ensemble_l1_ssim_topk,f1,0.8939393939393939,0.8718496363074677,0.913909065014598,0.0107605531490528,1000
ae_mse_l128_e60,patient_mean,ensemble_l1_ssim_topk,fpr,0.1677852348993288,0.1110576923076923,0.2323943661971831,0.0313748044690911,1000
ae_mse_l128_e60,patient_mean,ensemble_mse_l1_retina,auroc,0.9057640787692988,0.8811208983767294,0.9284802301473312,0.0118811923634465,1000
ae_mse_l128_e60,patient_mean,ensemble_mse_l1_retina,accuracy,0.8377952755905512,0.8125984251968504,0.8661417322834646,0.0140849388311099,1000
ae_mse_l128_e60,patient_mean,ensemble_mse_l1_retina,precision,0.9484777517564404,0.927436712389874,0.9691997490939503,0.0106086762446602,1000
ae_mse_l128_e60,patient_mean,ensemble_mse_l1_retina,recall,0.8333333333333334,0.8020403009688724,0.8643820103537532,0.0162499893177771,1000
ae_mse_l128_e60,patient_mean,ensemble_mse_l1_retina,f1,0.8871851040525739,0.866447756374256,0.9084754778218536,0.0105800128443101,1000
ae_mse_l128_e60,patient_mean,ensemble_mse_l1_retina,fpr,0.1476510067114094,0.0895427321988782,0.2042439419123436,0.0289311561375561,1000
ae_mse_l128_e60,patient_mean,ensemble_all_base,auroc,0.9144088159748116,0.8922539869854472,0.9354168194602404,0.0112830435338613,1000
ae_mse_l128_e60,patient_mean,ensemble_all_base,accuracy,0.8535433070866142,0.8251968503937008,0.878740157480315,0.0139317899270669,1000
ae_mse_l128_e60,patient_mean,ensemble_all_base,precision,0.9517241379310344,0.9319611406206318,0.9714285714285714,0.0100716233748961,1000
ae_mse_l128_e60,patient_mean,ensemble_all_base,recall,0.8518518518518519,0.8210510071474983,0.881017851817136,0.0159404383457162,1000
ae_mse_l128_e60,patient_mean,ensemble_all_base,f1,0.8990228013029316,0.878317141208157,0.9179283484797254,0.0102856839612554,1000
ae_mse_l128_e60,patient_mean,ensemble_all_base,fpr,0.1409395973154362,0.0869492753623188,0.1946379820270731,0.0281649604666642,1000
ae_mse_l128_e60,patient_max,mse,auroc,0.908954069655039,0.8838604202426792,0.9301269938633928,0.0117305499598458,1000
ae_mse_l128_e60,patient_max,mse,accuracy,0.5606299212598426,0.5196850393700787,0.5984645669291339,0.0201490880416071,1000
ae_mse_l128_e60,patient_max,mse,precision,0.9952153110047848,0.9846919152276296,1.0,0.0046528211031014,1000
ae_mse_l128_e60,patient_max,mse,recall,0.4279835390946502,0.3806511777626297,0.4712206823027718,0.0226615950880417,1000
ae_mse_l128_e60,patient_max,mse,f1,0.5985611510791367,0.5514081801622784,0.6403412782681732,0.0222836332386107,1000
ae_mse_l128_e60,patient_max,mse,fpr,0.0067114093959731,0.0,0.0222222222222222,0.0066021247390209,1000
ae_mse_l128_e60,patient_max,l1,auroc,0.851175187118513,0.8144229890394675,0.8821035303640937,0.0172768188030216,1000
ae_mse_l128_e60,patient_max,l1,accuracy,0.4929133858267716,0.453503937007874,0.5291732283464566,0.020043401774827,1000
ae_mse_l128_e60,patient_max,l1,precision,0.9823529411764704,0.9589583333333334,1.0,0.0101786566762409,1000
ae_mse_l128_e60,patient_max,l1,recall,0.3436213991769547,0.3022159422194118,0.3862226247492734,0.0216607424474389,1000
ae_mse_l128_e60,patient_max,l1,f1,0.5091463414634146,0.4605868385511387,0.5550660792951542,0.0240654802239572,1000
ae_mse_l128_e60,patient_max,l1,fpr,0.0201342281879194,0.0,0.046979865771812,0.0115457322213506,1000
ae_mse_l128_e60,patient_max,ssim_error,auroc,0.7795177728063634,0.7344223176932757,0.8184638641645829,0.0214016893427871,1000
ae_mse_l128_e60,patient_max,ssim_error,accuracy,0.3417322834645669,0.305511811023622,0.3779527559055118,0.0186514057913101,1000
ae_mse_l128_e60,patient_max,ssim_error,precision,0.925,0.8611023206751055,0.9753086419753086,0.0297868606518718,1000
ae_mse_l128_e60,patient_max,ssim_error,recall,0.1522633744855967,0.1234259963653269,0.1857142857142857,0.016317455307552,1000
ae_mse_l128_e60,patient_max,ssim_error,f1,0.2614840989399293,0.2180845316407524,0.3092638827251514,0.024344924059726,1000
ae_mse_l128_e60,patient_max,ssim_error,fpr,0.0402684563758389,0.0128205128205128,0.0753424657534246,0.0163732732705598,1000
ae_mse_l128_e60,patient_max,mse_ssim_score,auroc,0.7874029883724142,0.7473322951049589,0.8260481640268874,0.0198424578962828,1000
ae_mse_l128_e60,patient_max,mse_ssim_score,accuracy,0.3480314960629921,0.3118110236220472,0.3858267716535433,0.0189169648344008,1000
ae_mse_l128_e60,patient_max,mse_ssim_score,precision,0.95,0.8946761133603239,0.9883720930232558,0.0241564437167331,1000
ae_mse_l128_e60,patient_max,mse_ssim_score,recall,0.1563786008230452,0.1244811089518006,0.1890873015873015,0.016575474221982,1000
ae_mse_l128_e60,patient_max,mse_ssim_score,f1,0.2685512367491166,0.219367065423477,0.3168316831683168,0.0246365485085311,1000
ae_mse_l128_e60,patient_max,mse_ssim_score,fpr,0.0268456375838926,0.0062102216087723,0.0555641821946169,0.0129542057021872,1000
ae_mse_l128_e60,patient_max,retina_band_mse,auroc,0.909050736045516,0.8841636361185347,0.930445056103661,0.0119882766794328,1000
ae_mse_l128_e60,patient_max,retina_band_mse,accuracy,0.5748031496062992,0.537007874015748,0.6141732283464567,0.020238155063816,1000
ae_mse_l128_e60,patient_max,retina_band_mse,precision,0.9954128440366972,0.9846879295759756,1.0,0.0047205456316323,1000
ae_mse_l128_e60,patient_max,retina_band_mse,recall,0.4465020576131687,0.4008081392326089,0.4915629468778136,0.0230492960225155,1000
ae_mse_l128_e60,patient_max,retina_band_mse,f1,0.6164772727272727,0.5705700217560681,0.6576946944431754,0.0221034412979779,1000
ae_mse_l128_e60,patient_max,retina_band_mse,fpr,0.0067114093959731,0.0,0.0225563909774436,0.0068702411289506,1000
ae_mse_l128_e60,patient_max,retina_weighted_mse,auroc,0.9126964399149337,0.8890551505875511,0.9354885172620264,0.0118226677263385,1000
ae_mse_l128_e60,patient_max,retina_weighted_mse,accuracy,0.5826771653543307,0.5464566929133858,0.620511811023622,0.0194598015346033,1000
ae_mse_l128_e60,patient_max,retina_weighted_mse,precision,0.9911111111111112,0.977474929680812,1.0,0.0061419782855889,1000
ae_mse_l128_e60,patient_max,retina_weighted_mse,recall,0.4588477366255144,0.4149327364053287,0.505112999332334,0.0222056910800804,1000
ae_mse_l128_e60,patient_max,retina_weighted_mse,f1,0.6272855133614628,0.585912576048004,0.6685853287498024,0.020797719817236,1000
ae_mse_l128_e60,patient_max,retina_weighted_mse,fpr,0.0134228187919463,0.0,0.0335627153999637,0.0092463273186189,1000
ae_mse_l128_e60,patient_max,topk_mse_5,auroc,0.942221117463474,0.9219943420457118,0.9584840097148744,0.0094658143717121,1000
ae_mse_l128_e60,patient_max,topk_mse_5,accuracy,0.5354330708661418,0.4992125984251968,0.5764173228346456,0.0196641803209365,1000
ae_mse_l128_e60,patient_max,topk_mse_5,precision,0.9948186528497408,0.9831436869167776,1.0,0.0053584583856565,1000
ae_mse_l128_e60,patient_max,topk_mse_5,recall,0.3950617283950617,0.3569780182387369,0.4378887052906189,0.0218090430391237,1000
ae_mse_l128_e60,patient_max,topk_mse_5,f1,0.5655375552282769,0.5245889067685809,0.6080921212264682,0.0224550726514732,1000
ae_mse_l128_e60,patient_max,topk_mse_5,fpr,0.0067114093959731,0.0,0.0225606630211893,0.0068724015504531,1000
ae_mse_l128_e60,patient_max,topk_mse_10,auroc,0.9339078078824538,0.9143197741163076,0.9513018811963728,0.0095086326493468,1000
ae_mse_l128_e60,patient_max,topk_mse_10,accuracy,0.5779527559055118,0.5385826771653544,0.6142125984251968,0.0194346284429847,1000
ae_mse_l128_e60,patient_max,topk_mse_10,precision,0.9954545454545456,0.9859154929577464,1.0,0.0044421035261211,1000
ae_mse_l128_e60,patient_max,topk_mse_10,recall,0.4506172839506173,0.4059082248121236,0.4948046205714917,0.0225340270632199,1000
ae_mse_l128_e60,patient_max,topk_mse_10,f1,0.6203966005665722,0.5761181904362971,0.661112258953168,0.0214495774353547,1000
ae_mse_l128_e60,patient_max,topk_mse_10,fpr,0.0067114093959731,0.0,0.0222222222222222,0.0066487775165114,1000
ae_mse_l128_e60,patient_max,ensemble_mse_l1,auroc,0.8902836468086281,0.8627396617324353,0.91593873217831,0.0138679148202612,1000
ae_mse_l128_e60,patient_max,ensemble_mse_l1,accuracy,0.5622047244094488,0.5244094488188976,0.5984251968503937,0.0194235291663925,1000
ae_mse_l128_e60,patient_max,ensemble_mse_l1,precision,0.9905660377358492,0.9757281553398058,1.0,0.0065645013430149,1000
ae_mse_l128_e60,patient_max,ensemble_mse_l1,recall,0.4320987654320987,0.3870332960682608,0.4728555274737858,0.0221576825136701,1000
ae_mse_l128_e60,patient_max,ensemble_mse_l1,f1,0.6017191977077364,0.5571558411846675,0.6403269754768393,0.0217182676562099,1000
ae_mse_l128_e60,patient_max,ensemble_mse_l1,fpr,0.0134228187919463,0.0,0.0338012581547064,0.0091773636986732,1000
ae_mse_l128_e60,patient_max,ensemble_mse_l1_ssim,auroc,0.8748170243323115,0.842903365534851,0.9016299212029952,0.0148751568267195,1000
ae_mse_l128_e60,patient_max,ensemble_mse_l1_ssim,accuracy,0.5417322834645669,0.5007874015748032,0.5795275590551181,0.0201706808805803,1000
ae_mse_l128_e60,patient_max,ensemble_mse_l1_ssim,precision,0.9899497487437184,0.9732511334573356,1.0,0.0073064198262246,1000
ae_mse_l128_e60,patient_max,ensemble_mse_l1_ssim,recall,0.4053497942386831,0.3603116053732658,0.4482914104070209,0.022788261957253,1000
ae_mse_l128_e60,patient_max,ensemble_mse_l1_ssim,f1,0.5751824817518248,0.5280578298787707,0.6168843809231085,0.0231378266212832,1000
ae_mse_l128_e60,patient_max,ensemble_mse_l1_ssim,fpr,0.0134228187919463,0.0,0.0352175107381879,0.0095914935324663,1000
ae_mse_l128_e60,patient_max,ensemble_mse_retina,auroc,0.9126412019775184,0.888891949180009,0.9336803925507708,0.0115299267842033,1000
ae_mse_l128_e60,patient_max,ensemble_mse_retina,accuracy,0.5716535433070866,0.537007874015748,0.6078740157480315,0.0189660402684748,1000
ae_mse_l128_e60,patient_max,ensemble_mse_retina,precision,0.9953703703703703,0.9854351172152498,1.0,0.0044752278624027,1000
ae_mse_l128_e60,patient_max,ensemble_mse_retina,recall,0.4423868312757201,0.3991767408434075,0.4846672243911507,0.0218898069144462,1000
ae_mse_l128_e60,patient_max,ensemble_mse_retina,f1,0.6125356125356125,0.5697221030659763,0.6525453401699663,0.0210361266604588,1000
ae_mse_l128_e60,patient_max,ensemble_mse_retina,fpr,0.0067114093959731,0.0,0.0212803951367781,0.0065449968297967,1000
ae_mse_l128_e60,patient_max,ensemble_mse_ssim_topk,auroc,0.914353578037396,0.8921737676975903,0.935664227959035,0.0111763531761842,1000
ae_mse_l128_e60,patient_max,ensemble_mse_ssim_topk,accuracy,0.5669291338582677,0.5275590551181102,0.6047244094488189,0.0196515973293719,1000
ae_mse_l128_e60,patient_max,ensemble_mse_ssim_topk,precision,1.0,1.0,1.0,0.0,1000
ae_mse_l128_e60,patient_max,ensemble_mse_ssim_topk,recall,0.434156378600823,0.3878284485544535,0.4784502704109668,0.0224329805191154,1000
ae_mse_l128_e60,patient_max,ensemble_mse_ssim_topk,f1,0.6054519368723099,0.5588996909993889,0.6472321428571429,0.0218593448439799,1000
ae_mse_l128_e60,patient_max,ensemble_mse_ssim_topk,fpr,0.0,0.0,0.0,0.0,1000
ae_mse_l128_e60,patient_max,ensemble_l1_ssim_topk,auroc,0.9015107575883118,0.87727280801842,0.925167447697146,0.0124306105546981,1000
ae_mse_l128_e60,patient_max,ensemble_l1_ssim_topk,accuracy,0.5952755905511811,0.5606299212598426,0.6330708661417322,0.019239181503818,1000
ae_mse_l128_e60,patient_max,ensemble_l1_ssim_topk,precision,0.9956709956709956,0.986545570233911,1.0,0.0043298729367834,1000
ae_mse_l128_e60,patient_max,ensemble_l1_ssim_topk,recall,0.4732510288065844,0.4297300217849856,0.5152946817821182,0.0221877701048078,1000
ae_mse_l128_e60,patient_max,ensemble_l1_ssim_topk,f1,0.6415620641562064,0.6002593588496673,0.6792121195980256,0.0204831469638795,1000
ae_mse_l128_e60,patient_max,ensemble_l1_ssim_topk,fpr,0.0067114093959731,0.0,0.0217430974293874,0.006714401417814,1000
ae_mse_l128_e60,patient_max,ensemble_mse_l1_retina,auroc,0.9009307592454496,0.8755735306127245,0.9239205593637652,0.0125685274888022,1000
ae_mse_l128_e60,patient_max,ensemble_mse_l1_retina,accuracy,0.5826771653543307,0.5448818897637795,0.6189370078740157,0.0196446987751535,1000
ae_mse_l128_e60,patient_max,ensemble_mse_l1_retina,precision,0.9955156950672646,0.9849942893401016,1.0,0.0047881993542453,1000
ae_mse_l128_e60,patient_max,ensemble_mse_l1_retina,recall,0.4567901234567901,0.4123679781190826,0.4989861060864122,0.0225456945557061,1000
ae_mse_l128_e60,patient_max,ensemble_mse_l1_retina,f1,0.6262341325811002,0.5832046533077462,0.6648802059330607,0.0213118118319574,1000
ae_mse_l128_e60,patient_max,ensemble_mse_l1_retina,fpr,0.0067114093959731,0.0,0.0236220472440944,0.0070639063972822,1000
ae_mse_l128_e60,patient_max,ensemble_all_base,auroc,0.9096169249040242,0.8871720734144922,0.9305585498564076,0.0111502871633564,1000
ae_mse_l128_e60,patient_max,ensemble_all_base,accuracy,0.5858267716535434,0.5464566929133858,0.6236220472440945,0.0201790232685243,1000
ae_mse_l128_e60,patient_max,ensemble_all_base,precision,0.9955555555555556,0.9863589233347296,1.0,0.0041119922946706,1000
ae_mse_l128_e60,patient_max,ensemble_all_base,recall,0.4609053497942387,0.4148160606928142,0.5062002921954425,0.0230590393014469,1000
ae_mse_l128_e60,patient_max,ensemble_all_base,f1,0.630098452883263,0.5850144092219021,0.6711093312048024,0.021617416619855,1000
ae_mse_l128_e60,patient_max,ensemble_all_base,fpr,0.0067114093959731,0.0,0.0209790209790209,0.0062402020602652,1000
ae_mse_l128_e60,patient_top2_mean,mse,auroc,0.9129312011489492,0.8898614322620199,0.9325128506611948,0.0108646974954386,1000
ae_mse_l128_e60,patient_top2_mean,mse,accuracy,0.6062992125984252,0.568503937007874,0.6456692913385826,0.0192668262968846,1000
ae_mse_l128_e60,patient_top2_mean,mse,precision,0.9916666666666668,0.9778736479842676,1.0,0.0060505325638438,1000
ae_mse_l128_e60,patient_top2_mean,mse,recall,0.4897119341563786,0.449994769874477,0.5350451722943261,0.0222720526110545,1000
ae_mse_l128_e60,patient_top2_mean,mse,f1,0.6556473829201102,0.6183819754114598,0.6948291469684381,0.0200099848439649,1000
ae_mse_l128_e60,patient_top2_mean,mse,fpr,0.0134228187919463,0.0,0.0365898493543758,0.0098707925452782,1000
ae_mse_l128_e60,patient_top2_mean,l1,auroc,0.8586184991852405,0.8256622656481386,0.8885949846785617,0.0156199312940392,1000
ae_mse_l128_e60,patient_top2_mean,l1,accuracy,0.4881889763779528,0.4503937007874016,0.5275984251968503,0.0201576406616781,1000
ae_mse_l128_e60,patient_top2_mean,l1,precision,0.987878787878788,0.96875,1.0,0.0085722985529172,1000
ae_mse_l128_e60,patient_top2_mean,l1,recall,0.3353909465020576,0.2925240053455202,0.380370330216956,0.0220248175861762,1000
ae_mse_l128_e60,patient_top2_mean,l1,f1,0.500768049155146,0.4509092200944746,0.5487388395354562,0.024647472433422,1000
ae_mse_l128_e60,patient_top2_mean,l1,fpr,0.0134228187919463,0.0,0.0333620689655172,0.0094453658094695,1000
ae_mse_l128_e60,patient_top2_mean,ssim_error,auroc,0.7888806031982766,0.7527601855274579,0.8260351266464812,0.0199628901465693,1000
ae_mse_l128_e60,patient_top2_mean,ssim_error,accuracy,0.3622047244094488,0.3244094488188976,0.3984251968503937,0.0189685573352351,1000
ae_mse_l128_e60,patient_top2_mean,ssim_error,precision,0.9550561797752808,0.9072027491408936,0.9895860180412372,0.0218411343128746,1000
ae_mse_l128_e60,patient_top2_mean,ssim_error,recall,0.1748971193415638,0.1414125431530494,0.2096436058700209,0.0175694149738586,1000
ae_mse_l128_e60,patient_top2_mean,ssim_error,f1,0.2956521739130435,0.2456108683260497,0.3438214764351128,0.025281156034548,1000
ae_mse_l128_e60,patient_top2_mean,ssim_error,fpr,0.0268456375838926,0.0064102564102564,0.0555555555555555,0.0130113158460995,1000
ae_mse_l128_e60,patient_top2_mean,mse_ssim_score,auroc,0.7963239152650039,0.7557075853873124,0.8331147922611338,0.0198264804407347,1000
ae_mse_l128_e60,patient_top2_mean,mse_ssim_score,accuracy,0.368503937007874,0.3322834645669291,0.4062992125984252,0.0189619020194849,1000
ae_mse_l128_e60,patient_top2_mean,mse_ssim_score,precision,0.956989247311828,0.9108688118811882,0.9901014366142497,0.0216745875558134,1000
ae_mse_l128_e60,patient_top2_mean,mse_ssim_score,recall,0.1831275720164609,0.1494017705113157,0.2175865661105084,0.0173762669410229,1000
ae_mse_l128_e60,patient_top2_mean,mse_ssim_score,f1,0.307426597582038,0.2574904480564858,0.3549697312655101,0.0247270723976996,1000
ae_mse_l128_e60,patient_top2_mean,mse_ssim_score,fpr,0.0268456375838926,0.0062893081761006,0.0563581488933601,0.0136756191742765,1000
ae_mse_l128_e60,patient_top2_mean,retina_band_mse,auroc,0.9115916811666251,0.8873337861388685,0.932980938711552,0.011350562072934,1000
ae_mse_l128_e60,patient_top2_mean,retina_band_mse,accuracy,0.6157480314960629,0.5779527559055118,0.652007874015748,0.0196310891386426,1000
ae_mse_l128_e60,patient_top2_mean,retina_band_mse,precision,0.991869918699187,0.9790773003762174,1.0,0.0056650454408427,1000
ae_mse_l128_e60,patient_top2_mean,retina_band_mse,recall,0.5020576131687243,0.4586668465853788,0.5454736440030558,0.0228773586585563,1000
ae_mse_l128_e60,patient_top2_mean,retina_band_mse,f1,0.6666666666666666,0.6266076807007862,0.7046395484007327,0.0203119534441785,1000
ae_mse_l128_e60,patient_top2_mean,retina_band_mse,fpr,0.0134228187919463,0.0,0.0349650349650349,0.00929242632994,1000
ae_mse_l128_e60,patient_top2_mean,retina_weighted_mse,auroc,0.9154030988482892,0.8926742776193995,0.937185086535148,0.0113397536354576,1000
ae_mse_l128_e60,patient_top2_mean,retina_weighted_mse,accuracy,0.6220472440944882,0.5826771653543307,0.6583070866141731,0.0192696790972484,1000
ae_mse_l128_e60,patient_top2_mean,retina_weighted_mse,precision,0.992,0.97983666906099,1.0,0.0054790551207483,1000
ae_mse_l128_e60,patient_top2_mean,retina_weighted_mse,recall,0.5102880658436214,0.4662310192373484,0.5510256356641017,0.0225189247469817,1000
ae_mse_l128_e60,patient_top2_mean,retina_weighted_mse,f1,0.6739130434782609,0.6346518518518519,0.7088376976284585,0.0198008025383176,1000
ae_mse_l128_e60,patient_top2_mean,retina_weighted_mse,fpr,0.0134228187919463,0.0,0.0337837837837837,0.0092746447116017,1000
ae_mse_l128_e60,patient_top2_mean,topk_mse_5,auroc,0.9438506366172288,0.923765530456244,0.9613380753678202,0.0096280246093644,1000
ae_mse_l128_e60,patient_top2_mean,topk_mse_5,accuracy,0.5811023622047244,0.5417322834645669,0.6188976377952756,0.0193256208529929,1000
ae_mse_l128_e60,patient_top2_mean,topk_mse_5,precision,0.9954954954954957,0.986046511627907,1.0,0.0044242129197179,1000
ae_mse_l128_e60,patient_top2_mean,topk_mse_5,recall,0.4547325102880658,0.4092684752350438,0.4979512361721978,0.022741648356704,1000
ae_mse_l128_e60,patient_top2_mean,topk_mse_5,f1,0.6242937853107344,0.5800620275247141,0.6647897037396795,0.0214987055312319,1000
ae_mse_l128_e60,patient_top2_mean,topk_mse_5,fpr,0.0067114093959731,0.0,0.02113430583501,0.0066858710473945,1000
ae_mse_l128_e60,patient_top2_mean,topk_mse_10,auroc,0.9356339934266854,0.9147750652636276,0.9538524019204796,0.0100113452947549,1000
ae_mse_l128_e60,patient_top2_mean,topk_mse_10,accuracy,0.6094488188976378,0.5700787401574803,0.6456692913385826,0.0196293009560788,1000
ae_mse_l128_e60,patient_top2_mean,topk_mse_10,precision,0.9958333333333332,0.9869536613272312,1.0,0.0041916730535516,1000
ae_mse_l128_e60,patient_top2_mean,topk_mse_10,recall,0.4917695473251028,0.4463155820268021,0.5322749661966389,0.0227331695649527,1000
ae_mse_l128_e60,patient_top2_mean,topk_mse_10,f1,0.6584022038567493,0.6155828748678617,0.6944129792991951,0.0205443292495965,1000
ae_mse_l128_e60,patient_top2_mean,topk_mse_10,fpr,0.0067114093959731,0.0,0.0209827144686299,0.006665619302484,1000
ae_mse_l128_e60,patient_top2_mean,ensemble_mse_l1,auroc,0.8954207749882619,0.8690591086278879,0.9192043924712467,0.0129831409968851,1000
ae_mse_l128_e60,patient_top2_mean,ensemble_mse_l1,accuracy,0.5795275590551181,0.5385826771653544,0.6204724409448819,0.0198787908049302,1000
ae_mse_l128_e60,patient_top2_mean,ensemble_mse_l1,precision,0.9910313901345292,0.9771663315319844,1.0,0.0062972901715868,1000
ae_mse_l128_e60,patient_top2_mean,ensemble_mse_l1,recall,0.4547325102880658,0.4107681298998208,0.4990151515151514,0.0225894871883452,1000
ae_mse_l128_e60,patient_top2_mean,ensemble_mse_l1,f1,0.6234132581100141,0.5797460303139661,0.6639360655737705,0.0213876407994079,1000
ae_mse_l128_e60,patient_top2_mean,ensemble_mse_l1,fpr,0.0134228187919463,0.0,0.0359712230215827,0.0095173556047896,1000
ae_mse_l128_e60,patient_top2_mean,ensemble_mse_l1_ssim,auroc,0.8806998646670533,0.8512199669427246,0.9064405431611532,0.0140142561280063,1000
ae_mse_l128_e60,patient_top2_mean,ensemble_mse_l1_ssim,accuracy,0.5464566929133858,0.5070866141732283,0.584251968503937,0.0198951245510358,1000
ae_mse_l128_e60,patient_top2_mean,ensemble_mse_l1_ssim,precision,0.99009900990099,0.9738219895287958,1.0,0.0069388156545577,1000
ae_mse_l128_e60,patient_top2_mean,ensemble_mse_l1_ssim,recall,0.411522633744856,0.3690373145184754,0.4545596887454924,0.0220793921489617,1000
ae_mse_l128_e60,patient_top2_mean,ensemble_mse_l1_ssim,f1,0.5813953488372093,0.5370899424185914,0.6239598746711276,0.0221071481990121,1000
ae_mse_l128_e60,patient_top2_mean,ensemble_mse_l1_ssim,fpr,0.0134228187919463,0.0,0.0368154964780731,0.0095775381532025,1000
ae_mse_l128_e60,patient_top2_mean,ensemble_mse_retina,auroc,0.915706907504074,0.8917250911412127,0.9378133824583094,0.0119837931398806,1000
ae_mse_l128_e60,patient_top2_mean,ensemble_mse_retina,accuracy,0.6267716535433071,0.5889763779527559,0.663031496062992,0.0190512099818641,1000
ae_mse_l128_e60,patient_top2_mean,ensemble_mse_retina,precision,0.9920948616600792,0.9796727227476356,1.0,0.0056959373400003,1000
ae_mse_l128_e60,patient_top2_mean,ensemble_mse_retina,recall,0.5164609053497943,0.4747474747474747,0.5596769462299765,0.0225327002646806,1000
ae_mse_l128_e60,patient_top2_mean,ensemble_mse_retina,f1,0.6792963464140731,0.6414501817097917,0.7163408266102713,0.0197087477509995,1000
ae_mse_l128_e60,patient_top2_mean,ensemble_mse_retina,fpr,0.0134228187919463,0.0,0.0347282925407925,0.009577457885174,1000
ae_mse_l128_e60,patient_top2_mean,ensemble_mse_ssim_topk,auroc,0.9175988068605518,0.8961043678278572,0.9386557329333642,0.0111065188383741,1000
ae_mse_l128_e60,patient_top2_mean,ensemble_mse_ssim_topk,accuracy,0.6015748031496063,0.5669291338582677,0.6362204724409449,0.0183448641083591,1000
ae_mse_l128_e60,patient_top2_mean,ensemble_mse_ssim_topk,precision,0.9957446808510638,0.986423796791444,1.0,0.0043289673036566,1000
ae_mse_l128_e60,patient_top2_mean,ensemble_mse_ssim_topk,recall,0.4814814814814814,0.4396533764367816,0.5238118952760388,0.021266211773543,1000
ae_mse_l128_e60,patient_top2_mean,ensemble_mse_ssim_topk,f1,0.6490984743411928,0.609808197582764,0.686410477893172,0.0193775388304789,1000
ae_mse_l128_e60,patient_top2_mean,ensemble_mse_ssim_topk,fpr,0.0067114093959731,0.0,0.0222222222222222,0.006801519552999,1000
ae_mse_l128_e60,patient_top2_mean,ensemble_l1_ssim_topk,auroc,0.9059988400033144,0.8827951776114458,0.9296432939263412,0.0121335897648008,1000
ae_mse_l128_e60,patient_top2_mean,ensemble_l1_ssim_topk,accuracy,0.6157480314960629,0.5763779527559055,0.6535433070866141,0.0195408812741227,1000
ae_mse_l128_e60,patient_top2_mean,ensemble_l1_ssim_topk,precision,0.9879032258064516,0.9723292709705754,1.0,0.0067856957239879,1000
ae_mse_l128_e60,patient_top2_mean,ensemble_l1_ssim_topk,recall,0.5041152263374485,0.4589681293151402,0.5485315403036921,0.023168119650048,1000
ae_mse_l128_e60,patient_top2_mean,ensemble_l1_ssim_topk,f1,0.667574931880109,0.6255202111459952,0.7058863008290565,0.0204773674151584,1000
ae_mse_l128_e60,patient_top2_mean,ensemble_l1_ssim_topk,fpr,0.0201342281879194,0.0,0.0460526315789473,0.0113159815397573,1000
ae_mse_l128_e60,patient_top2_mean,ensemble_mse_l1_retina,auroc,0.9045350346618056,0.8795803089056962,0.927019255201707,0.0125183800171011,1000
ae_mse_l128_e60,patient_top2_mean,ensemble_mse_l1_retina,accuracy,0.6078740157480315,0.5716141732283465,0.6456692913385826,0.0197047758995905,1000
ae_mse_l128_e60,patient_top2_mean,ensemble_mse_l1_retina,precision,0.9876543209876544,0.9710743801652892,1.0,0.0073829211885758,1000
ae_mse_l128_e60,patient_top2_mean,ensemble_mse_l1_retina,recall,0.4938271604938271,0.45079662409065,0.5391183106446624,0.0233282902253424,1000
ae_mse_l128_e60,patient_top2_mean,ensemble_mse_l1_retina,f1,0.6584362139917695,0.6188226818977051,0.6987139773155604,0.0208866455102364,1000
ae_mse_l128_e60,patient_top2_mean,ensemble_mse_l1_retina,fpr,0.0201342281879194,0.0,0.0451686217008797,0.0117169821006028,1000
ae_mse_l128_e60,patient_top2_mean,ensemble_all_base,auroc,0.9127931063054106,0.8897249862919019,0.9346439128901906,0.0116219215155386,1000
ae_mse_l128_e60,patient_top2_mean,ensemble_all_base,accuracy,0.6220472440944882,0.584251968503937,0.6583070866141731,0.0187467528719468,1000
ae_mse_l128_e60,patient_top2_mean,ensemble_all_base,precision,0.988095238095238,0.972653569240196,1.0,0.0067733173965713,1000
ae_mse_l128_e60,patient_top2_mean,ensemble_all_base,recall,0.5123456790123457,0.4677353789666928,0.5560141929735234,0.0222207939721235,1000
ae_mse_l128_e60,patient_top2_mean,ensemble_all_base,f1,0.6747967479674797,0.6353549664477273,0.7109992446390353,0.0194266842734692,1000
ae_mse_l128_e60,patient_top2_mean,ensemble_all_base,fpr,0.0201342281879194,0.0,0.0466666666666666,0.0114862395629622,1000
