run_id,score_mode,class_name,sample_count,patient_count,mean_score,std_score,detected_count,detection_rate
ae_mse_l128,mse,CNV,250,178,0.0028912168946117,0.0012322026893915,244,0.976
ae_mse_l128,mse,DME,250,167,0.0025817635015118,0.0015974113862268,205,0.82
ae_mse_l128,mse,DRUSEN,250,169,0.0013233338164864,0.0007253883327567,88,0.352
ae_mse_l128,mse,NORMAL,250,171,0.0008530934170121,0.0003084119845766,13,0.052
ae_mse_l128,l1,CNV,250,178,0.0311204916760325,0.0062907329182056,226,0.904
ae_mse_l128,l1,DME,250,167,0.0295447900444269,0.0077041197901684,183,0.732
ae_mse_l128,l1,DRUSEN,250,169,0.0221430752165615,0.0041966808972501,66,0.264
ae_mse_l128,l1,NORMAL,250,171,0.0197449092939496,0.0035581346836584,22,0.088
ae_mse_l128,ssim_error,CNV,250,178,0.2794255127906799,0.06629962904413,171,0.684
ae_mse_l128,ssim_error,DME,250,167,0.2633834087848663,0.068068633344879,145,0.58
ae_mse_l128,ssim_error,DRUSEN,250,169,0.2077985155582428,0.0570033536879306,55,0.22
ae_mse_l128,ssim_error,NORMAL,250,171,0.189939486503601,0.0573810190461947,34,0.136
ae_mse_l128,mse_ssim_score,CNV,250,178,0.0581980770230293,0.0138952948170836,180,0.72
ae_mse_l128,mse_ssim_score,DME,250,167,0.05474209330976,0.0145196301800521,149,0.596
ae_mse_l128,mse_ssim_score,DRUSEN,250,169,0.042618370860815,0.0116563671371838,57,0.228
ae_mse_l128,mse_ssim_score,NORMAL,250,171,0.0386703726574778,0.0116512403092348,33,0.132
ae_mse_l128,retina_band_mse,CNV,250,178,0.003339978642296,0.0013357526091857,240,0.96
ae_mse_l128,retina_band_mse,DME,250,167,0.0030421015589963,0.0018491324498352,202,0.808
ae_mse_l128,retina_band_mse,DRUSEN,250,169,0.0016028911229223,0.0009021770146677,79,0.316
ae_mse_l128,retina_band_mse,NORMAL,250,171,0.0010304060589987,0.0003676176878233,9,0.036
ae_mse_l128,retina_weighted_mse,CNV,250,178,0.0031939260992221,0.0012806735091175,241,0.964
ae_mse_l128,retina_weighted_mse,DME,250,167,0.0028896701994817,0.0017468376705461,206,0.824
ae_mse_l128,retina_weighted_mse,DRUSEN,250,169,0.0015085939541459,0.0008300176596911,86,0.344
ae_mse_l128,retina_weighted_mse,NORMAL,250,171,0.0009673011021222,0.0003364362862111,9,0.036
ae_mse_l128,topk_mse_5,CNV,250,178,0.0355866693295538,0.0170532735095747,246,0.984
ae_mse_l128,topk_mse_5,DME,250,167,0.031022791923955,0.0220211190597661,209,0.836
ae_mse_l128,topk_mse_5,DRUSEN,250,169,0.0157270154003053,0.0114116927895439,90,0.36
ae_mse_l128,topk_mse_5,NORMAL,250,171,0.0083019338361918,0.0037828337310899,7,0.028
ae_mse_l128,topk_mse_10,CNV,250,178,0.0221120334714651,0.0099104369521091,246,0.984
ae_mse_l128,topk_mse_10,DME,250,167,0.0194132770616561,0.013012638224511,208,0.832
ae_mse_l128,topk_mse_10,DRUSEN,250,169,0.0095972509039565,0.00636468086192,87,0.348
ae_mse_l128,topk_mse_10,NORMAL,250,171,0.0054296046262606,0.0021533233691936,7,0.028
ae_mse_l128,ensemble_mse_l1,CNV,250,178,5.637829745268587,2.801443801052672,238,0.952
ae_mse_l128,ensemble_mse_l1,DME,250,167,4.918262406561083,3.602261625551324,198,0.792
ae_mse_l128,ensemble_mse_l1,DRUSEN,250,169,1.873199153071136,1.6730169392478895,78,0.312
ae_mse_l128,ensemble_mse_l1,NORMAL,250,171,0.77930716302752,0.921364755303058,19,0.076
ae_mse_l128,ensemble_mse_l1_ssim,CNV,250,178,4.552481601158908,2.122149546024504,235,0.94
ae_mse_l128,ensemble_mse_l1_ssim,DME,250,167,3.990186672480168,2.67422023102106,196,0.784
ae_mse_l128,ensemble_mse_l1_ssim,DRUSEN,250,169,1.6739982612898,1.3047447527128575,77,0.308
ae_mse_l128,ensemble_mse_l1_ssim,NORMAL,250,171,0.8528001914138728,0.8777114431734456,23,0.092
ae_mse_l128,ensemble_mse_retina,CNV,250,178,6.678750225678547,3.571264528719703,243,0.972
ae_mse_l128,ensemble_mse_retina,DME,250,167,5.806044989392426,4.79507562448184,206,0.824
ae_mse_l128,ensemble_mse_retina,DRUSEN,250,169,1.995810151657146,2.2385410022693004,85,0.34
ae_mse_l128,ensemble_mse_retina,NORMAL,250,171,0.5322510882200805,0.9166724407358564,10,0.04
ae_mse_l128,ensemble_mse_ssim_topk,CNV,250,178,6.369423094605598,3.35358746233913,244,0.976
ae_mse_l128,ensemble_mse_ssim_topk,DME,250,167,5.453116997829537,4.3315695744398335,212,0.848
ae_mse_l128,ensemble_mse_ssim_topk,DRUSEN,250,169,2.119534000783506,2.1199466361833634,91,0.364
ae_mse_l128,ensemble_mse_ssim_topk,NORMAL,250,171,0.7092024026461824,0.8955991657265403,14,0.056
ae_mse_l128,ensemble_l1_ssim_topk,CNV,250,178,4.98383938583305,2.38195281648098,241,0.964
ae_mse_l128,ensemble_l1_ssim_topk,DME,250,167,4.296012853659806,3.060320142949004,206,0.824
ae_mse_l128,ensemble_l1_ssim_topk,DRUSEN,250,169,1.812332624918073,1.5683878118080097,91,0.364
ae_mse_l128,ensemble_l1_ssim_topk,NORMAL,250,171,0.7488955424762558,0.7987980536508729,19,0.076
ae_mse_l128,ensemble_mse_l1_retina,CNV,250,178,5.638984877822286,2.8243315726634703,242,0.968
ae_mse_l128,ensemble_mse_l1_retina,DME,250,167,4.931565389697113,3.762155981549396,203,0.812
ae_mse_l128,ensemble_mse_l1_retina,DRUSEN,250,169,1.8013391308624265,1.7639479104935951,83,0.332
ae_mse_l128,ensemble_mse_l1_retina,NORMAL,250,171,0.6344496830709304,0.8577880290851648,16,0.064
ae_mse_l128,ensemble_all_base,CNV,250,178,5.782950991724577,2.908604336938502,243,0.972
ae_mse_l128,ensemble_all_base,DME,250,167,4.999791171585172,3.8378278001328976,208,0.832
ae_mse_l128,ensemble_all_base,DRUSEN,250,169,1.9092724500999323,1.863636410762589,89,0.356
ae_mse_l128,ensemble_all_base,NORMAL,250,171,0.6591693835599468,0.8359491697860371,14,0.056
ae_mse_l128_e60,mse,CNV,250,178,0.0028378504521679,0.0011842376840539,244,0.976
ae_mse_l128_e60,mse,DME,250,167,0.002564967847662,0.001596236806128,207,0.828
ae_mse_l128_e60,mse,DRUSEN,250,169,0.0012671170076355,0.0006497893887258,84,0.336
ae_mse_l128_e60,mse,NORMAL,250,171,0.0008245673192432,0.0002848907034292,14,0.056
ae_mse_l128_e60,l1,CNV,250,178,0.0308601805493235,0.0063132203316185,227,0.908
ae_mse_l128_e60,l1,DME,250,167,0.0294103937223553,0.0078106630024149,186,0.744
ae_mse_l128_e60,l1,DRUSEN,250,169,0.0218443857096135,0.0041107925719004,67,0.268
ae_mse_l128_e60,l1,NORMAL,250,171,0.019485377587378,0.0035696865247076,23,0.092
ae_mse_l128_e60,ssim_error,CNV,250,178,0.2778514292240143,0.0663978877462996,174,0.696
ae_mse_l128_e60,ssim_error,DME,250,167,0.2626341218948364,0.0686494907473438,147,0.588
ae_mse_l128_e60,ssim_error,DRUSEN,250,169,0.2057801568508148,0.0565942098166705,59,0.236
ae_mse_l128_e60,ssim_error,NORMAL,250,171,0.1881004636287689,0.0576056781154893,34,0.136
ae_mse_l128_e60,mse_ssim_score,CNV,250,178,0.0578405670970678,0.0139132533307767,180,0.72
ae_mse_l128_e60,mse_ssim_score,DME,250,167,0.0545787995383143,0.0146594939578501,151,0.604
ae_mse_l128_e60,mse_ssim_score,DRUSEN,250,169,0.0421697255969047,0.0115552779591609,62,0.248
ae_mse_l128_e60,mse_ssim_score,NORMAL,250,171,0.038279747210443,0.0116998877648169,34,0.136
ae_mse_l128_e60,retina_band_mse,CNV,250,178,0.0032765981713309,0.0012680450068219,241,0.964
ae_mse_l128_e60,retina_band_mse,DME,250,167,0.0030239176675677,0.0018797762574288,203,0.812
ae_mse_l128_e60,retina_band_mse,DRUSEN,250,169,0.0015421741092577,0.0008555752965812,82,0.328
ae_mse_l128_e60,retina_band_mse,NORMAL,250,171,0.0009950601680902,0.0003460237045511,9,0.036
ae_mse_l128_e60,retina_weighted_mse,CNV,250,178,0.0031338755208998,0.0012187088623202,244,0.976
ae_mse_l128_e60,retina_weighted_mse,DME,250,167,0.0028720685003791,0.0017672709732927,205,0.82
ae_mse_l128_e60,retina_weighted_mse,DRUSEN,250,169,0.0014495537532493,0.000777088817106,91,0.364
ae_mse_l128_e60,retina_weighted_mse,NORMAL,250,171,0.0009343064154963,0.0003141705227714,13,0.052
ae_mse_l128_e60,topk_mse_5,CNV,250,178,0.034875466927886,0.0157231498792583,247,0.988
ae_mse_l128_e60,topk_mse_5,DME,250,167,0.0308290939480066,0.0215640889462417,212,0.848
ae_mse_l128_e60,topk_mse_5,DRUSEN,250,169,0.0148751745540648,0.0098513698488402,95,0.38
ae_mse_l128_e60,topk_mse_5,NORMAL,250,171,0.0079529424645006,0.0029335916373255,5,0.02
ae_mse_l128_e60,topk_mse_10,CNV,250,178,0.0216699632778763,0.0093268480316551,247,0.988
ae_mse_l128_e60,topk_mse_10,DME,250,167,0.0193035195246338,0.0129072113417082,215,0.86
ae_mse_l128_e60,topk_mse_10,DRUSEN,250,169,0.0091136828977614,0.0055944307782754,95,0.38
ae_mse_l128_e60,topk_mse_10,NORMAL,250,171,0.0052159032998606,0.0017767352267065,9,0.036
ae_mse_l128_e60,ensemble_mse_l1,CNV,250,178,5.79518896044613,2.8371426878001227,242,0.968
ae_mse_l128_e60,ensemble_mse_l1,DME,250,167,5.128868033507239,3.7630278711644713,205,0.82
ae_mse_l128_e60,ensemble_mse_l1,DRUSEN,250,169,1.8795239610649972,1.5972648718303624,82,0.328
ae_mse_l128_e60,ensemble_mse_l1,NORMAL,250,171,0.7979783460614917,0.9200215321041426,21,0.084
ae_mse_l128_e60,ensemble_mse_l1_ssim,CNV,250,178,4.660698808456695,2.1521043062669447,235,0.94
ae_mse_l128_e60,ensemble_mse_l1_ssim,DME,250,167,4.138027148363271,2.7880791875316437,199,0.796
ae_mse_l128_e60,ensemble_mse_l1_ssim,DRUSEN,250,169,1.6786689143629472,1.2578191537176393,79,0.316
ae_mse_l128_e60,ensemble_mse_l1_ssim,NORMAL,250,171,0.8664851752927515,0.8861352273513204,21,0.084
ae_mse_l128_e60,ensemble_mse_retina,CNV,250,178,6.966583062629296,3.601372924783186,245,0.98
ae_mse_l128_e60,ensemble_mse_retina,DME,250,167,6.166746372710321,5.096573336540125,206,0.824
ae_mse_l128_e60,ensemble_mse_retina,DRUSEN,250,169,2.022470360709866,2.178960014724249,93,0.372
ae_mse_l128_e60,ensemble_mse_retina,NORMAL,250,171,0.5584658385507707,0.8986222839023548,16,0.064
ae_mse_l128_e60,ensemble_mse_ssim_topk,CNV,250,178,6.621738808823719,3.349868580392428,245,0.98
ae_mse_l128_e60,ensemble_mse_ssim_topk,DME,250,167,5.7614986971232245,4.539979515788732,211,0.844
ae_mse_l128_e60,ensemble_mse_ssim_topk,DRUSEN,250,169,2.1187766372567043,1.97787559057782,93,0.372
ae_mse_l128_e60,ensemble_mse_ssim_topk,NORMAL,250,171,0.7194376636574903,0.8485230174786932,14,0.056
ae_mse_l128_e60,ensemble_l1_ssim_topk,CNV,250,178,5.141450126101332,2.3738063013184028,244,0.976
ae_mse_l128_e60,ensemble_l1_ssim_topk,DME,250,167,4.494077957419827,3.191095712121341,209,0.836
ae_mse_l128_e60,ensemble_l1_ssim_topk,DRUSEN,250,169,1.8102589883402735,1.471558311404246,91,0.364
ae_mse_l128_e60,ensemble_l1_ssim_topk,NORMAL,250,171,0.7555177641532351,0.7745677240097243,21,0.084
ae_mse_l128_e60,ensemble_mse_l1_retina,CNV,250,178,5.83597402054038,2.853760783475892,243,0.972
ae_mse_l128_e60,ensemble_mse_l1_retina,DME,250,167,5.187076556457595,3.975447483407676,205,0.82
ae_mse_l128_e60,ensemble_mse_l1_retina,DRUSEN,250,169,1.820562736370028,1.7173429531719513,87,0.348
ae_mse_l128_e60,ensemble_mse_l1_retina,NORMAL,250,171,0.6563433913022167,0.8548601193055805,19,0.076
ae_mse_l128_e60,ensemble_all_base,CNV,250,178,6.001190194785913,2.917318532180845,245,0.98
ae_mse_l128_e60,ensemble_all_base,DME,250,167,5.274544658152704,4.049180808461292,209,0.836
ae_mse_l128_e60,ensemble_all_base,DRUSEN,250,169,1.9188212437582823,1.784223908783207,96,0.384
ae_mse_l128_e60,ensemble_all_base,NORMAL,250,171,0.6735248531563308,0.8135331618434971,19,0.076
ae_mse_l128_e60_plateau,mse,CNV,250,178,0.0027706282073631,0.0011802230329725,246,0.984
ae_mse_l128_e60_plateau,mse,DME,250,167,0.0024972590121906,0.0015553475069945,208,0.832
ae_mse_l128_e60_plateau,mse,DRUSEN,250,169,0.0012249035981949,0.0006335326788374,92,0.368
ae_mse_l128_e60_plateau,mse,NORMAL,250,171,0.0007938668088754,0.0002759734561674,17,0.068
ae_mse_l128_e60_plateau,l1,CNV,250,178,0.0305950702950358,0.0062453346940987,228,0.912
ae_mse_l128_e60_plateau,l1,DME,250,167,0.0291325746849179,0.007824363738415,187,0.748
ae_mse_l128_e60_plateau,l1,DRUSEN,250,169,0.0215668951943516,0.0040350520635188,71,0.284
ae_mse_l128_e60_plateau,l1,NORMAL,250,171,0.0192494063749909,0.0035361550292056,22,0.088
ae_mse_l128_e60_plateau,ssim_error,CNV,250,178,0.2765004637241363,0.0662493101652912,176,0.704
ae_mse_l128_e60_plateau,ssim_error,DME,250,167,0.2611029510498047,0.0691426122861709,146,0.584
ae_mse_l128_e60_plateau,ssim_error,DRUSEN,250,169,0.2046661977767944,0.0566880612695733,57,0.228
ae_mse_l128_e60_plateau,ssim_error,NORMAL,250,171,0.1869103837013244,0.0575389016383993,35,0.14
ae_mse_l128_e60_plateau,mse_ssim_score,CNV,250,178,0.0575165963619947,0.0138788903046502,182,0.728
ae_mse_l128_e60_plateau,mse_ssim_score,DME,250,167,0.0542183983251452,0.0147537188012766,151,0.604
ae_mse_l128_e60_plateau,mse_ssim_score,DRUSEN,250,169,0.0419131631031632,0.0115640561475554,60,0.24
ae_mse_l128_e60_plateau,mse_ssim_score,NORMAL,250,171,0.0380171706825494,0.011683698604887,35,0.14
ae_mse_l128_e60_plateau,retina_band_mse,CNV,250,178,0.0032029042011126,0.0012794640707772,243,0.972
ae_mse_l128_e60_plateau,retina_band_mse,DME,250,167,0.0029482264972757,0.0018431719195607,203,0.812
ae_mse_l128_e60_plateau,retina_band_mse,DRUSEN,250,169,0.0014943756746361,0.0008512834892316,88,0.352
ae_mse_l128_e60_plateau,retina_band_mse,NORMAL,250,171,0.0009565072305267,0.0003310193160393,11,0.044
ae_mse_l128_e60_plateau,retina_weighted_mse,CNV,250,178,0.0030623005102388,0.0012268444901125,244,0.976
ae_mse_l128_e60_plateau,retina_weighted_mse,DME,250,167,0.0027992487573064,0.001731583416575,205,0.82
ae_mse_l128_e60_plateau,retina_weighted_mse,DRUSEN,250,169,0.0014035079154418,0.0007690063782089,96,0.384
ae_mse_l128_e60_plateau,retina_weighted_mse,NORMAL,250,171,0.0008984727017814,0.0003016568698029,13,0.052
ae_mse_l128_e60_plateau,topk_mse_5,CNV,250,178,0.0338047734014689,0.0159121355398677,248,0.992
ae_mse_l128_e60_plateau,topk_mse_5,DME,250,167,0.029727833064273,0.0206845373078038,212,0.848
ae_mse_l128_e60_plateau,topk_mse_5,DRUSEN,250,169,0.0142541274987161,0.0097027396105454,102,0.408
ae_mse_l128_e60_plateau,topk_mse_5,NORMAL,250,171,0.0074994221627712,0.0027538389103227,8,0.032
ae_mse_l128_e60_plateau,topk_mse_10,CNV,250,178,0.0210662819892168,0.0093391265420829,248,0.992
ae_mse_l128_e60_plateau,topk_mse_10,DME,250,167,0.0186885316129773,0.0124702733724683,214,0.856
ae_mse_l128_e60_plateau,topk_mse_10,DRUSEN,250,169,0.0087647552676498,0.0055133483974235,100,0.4
ae_mse_l128_e60_plateau,topk_mse_10,NORMAL,250,171,0.0049593003233894,0.0016888318950708,10,0.04
ae_mse_l128_e60_plateau,ensemble_mse_l1,CNV,250,178,5.897650399793949,2.902803447254395,241,0.964
ae_mse_l128_e60_plateau,ensemble_mse_l1,DME,250,167,5.2088011661584925,3.8076696058732447,205,0.82
ae_mse_l128_e60_plateau,ensemble_mse_l1,DRUSEN,250,169,1.910911226706593,1.5993081720738356,85,0.34
ae_mse_l128_e60_plateau,ensemble_mse_l1,NORMAL,250,171,0.8233741476020131,0.9247110217864676,21,0.084
ae_mse_l128_e60_plateau,ensemble_mse_l1_ssim,CNV,250,178,4.726706659345929,2.193797084509296,236,0.944
ae_mse_l128_e60_plateau,ensemble_mse_l1_ssim,DME,250,167,4.188318210114821,2.8234304166785176,198,0.792
ae_mse_l128_e60_plateau,ensemble_mse_l1_ssim,DRUSEN,250,169,1.6995945126594882,1.258516689920904,83,0.332
ae_mse_l128_e60_plateau,ensemble_mse_l1_ssim,NORMAL,250,171,0.8832905962622525,0.8892775146878381,22,0.088
ae_mse_l128_e60_plateau,ensemble_mse_retina,CNV,250,178,7.074851291303784,3.721065705436172,244,0.976
ae_mse_l128_e60_plateau,ensemble_mse_retina,DME,250,167,6.246810721963877,5.133673267369962,206,0.824
ae_mse_l128_e60_plateau,ensemble_mse_retina,DRUSEN,250,169,2.0596388496073823,2.2093774740269776,99,0.396
ae_mse_l128_e60_plateau,ensemble_mse_retina,NORMAL,250,171,0.5848754334799477,0.8917180996362218,14,0.056
ae_mse_l128_e60_plateau,ensemble_mse_ssim_topk,CNV,250,178,6.80951724215274,3.5299287256680514,246,0.984
ae_mse_l128_e60_plateau,ensemble_mse_ssim_topk,DME,250,167,5.902017407854718,4.623465880179955,212,0.848
ae_mse_l128_e60_plateau,ensemble_mse_ssim_topk,DRUSEN,250,169,2.1747910713648606,2.0359868707297943,103,0.412
ae_mse_l128_e60_plateau,ensemble_mse_ssim_topk,NORMAL,250,171,0.7384289212291199,0.853689538459915,17,0.068
ae_mse_l128_e60_plateau,ensemble_l1_ssim_topk,CNV,250,178,5.289310389846394,2.4987201098609866,244,0.976
ae_mse_l128_e60_plateau,ensemble_l1_ssim_topk,DME,250,167,4.605245298105709,3.2644534569423835,208,0.832
ae_mse_l128_e60_plateau,ensemble_l1_ssim_topk,DRUSEN,250,169,1.8567982022082443,1.5103826067760555,95,0.38
ae_mse_l128_e60_plateau,ensemble_l1_ssim_topk,NORMAL,250,171,0.7718121875506986,0.7793150685068745,21,0.084
ae_mse_l128_e60_plateau,ensemble_mse_l1_retina,CNV,250,178,5.922347567980667,2.9287518540791466,243,0.972
ae_mse_l128_e60_plateau,ensemble_mse_l1_retina,DME,250,167,5.252421481820911,4.009624003548569,205,0.82
ae_mse_l128_e60_plateau,ensemble_mse_l1_retina,DRUSEN,250,169,1.8510665407288116,1.7296076460848244,95,0.38
ae_mse_l128_e60_plateau,ensemble_mse_l1_retina,NORMAL,250,171,0.681066638014759,0.8534769383795913,18,0.072
ae_mse_l128_e60_plateau,ensemble_all_base,CNV,250,178,6.135195327311775,3.043612592388317,245,0.98
ae_mse_l128_e60_plateau,ensemble_all_base,DME,250,167,5.374738361064659,4.111919579582923,211,0.844
ae_mse_l128_e60_plateau,ensemble_all_base,DRUSEN,250,169,1.9610252684799403,1.8250370879839248,99,0.396
ae_mse_l128_e60_plateau,ensemble_all_base,NORMAL,250,171,0.6921077284104844,0.8144691186243186,18,0.072
ae_mse_l256,mse,CNV,250,178,0.0026424488723278,0.0010613639174311,243,0.972
ae_mse_l256,mse,DME,250,167,0.0024387670494616,0.0014911033707737,207,0.828
ae_mse_l256,mse,DRUSEN,250,169,0.0012578928234288,0.0006646590144625,88,0.352
ae_mse_l256,mse,NORMAL,250,171,0.0008193963271332,0.0002952876422095,12,0.048
ae_mse_l256,l1,CNV,250,178,0.0299702142253518,0.0058366128683861,223,0.892
ae_mse_l256,l1,DME,250,167,0.0287987710237503,0.0074828819710489,181,0.724
ae_mse_l256,l1,DRUSEN,250,169,0.0217063347548246,0.0040317397916704,68,0.272
ae_mse_l256,l1,NORMAL,250,171,0.0194069724194705,0.0035375408453514,25,0.1
ae_mse_l256,retina_band_mse,CNV,250,178,0.0030544258542358,0.0011570438463878,238,0.952
ae_mse_l256,retina_band_mse,DME,250,167,0.0028693868375848,0.0017259867381004,199,0.796
ae_mse_l256,retina_band_mse,DRUSEN,250,169,0.0015307686697924,0.0008786325589305,84,0.336
ae_mse_l256,retina_band_mse,NORMAL,250,171,0.0009886461257701,0.0003693690289951,9,0.036
ae_mse_l256,retina_weighted_mse,CNV,250,178,0.0029202373763546,0.0011040962281168,243,0.972
ae_mse_l256,retina_weighted_mse,DME,250,167,0.0027266763509251,0.0016303270419589,206,0.824
ae_mse_l256,retina_weighted_mse,DRUSEN,250,169,0.0014389020791277,0.0007982066213475,87,0.348
ae_mse_l256,retina_weighted_mse,NORMAL,250,171,0.0009284238469554,0.0003331561989454,10,0.04
ae_mse_l256,topk_mse_5,CNV,250,178,0.0322253983989357,0.014382741351983,247,0.988
ae_mse_l256,topk_mse_5,DME,250,167,0.0290517398044466,0.0197642278347845,204,0.816
ae_mse_l256,topk_mse_5,DRUSEN,250,169,0.014848246185109,0.0102836255200079,90,0.36
ae_mse_l256,topk_mse_5,NORMAL,250,171,0.0078980260752141,0.0034210053127898,7,0.028
ae_mse_l256,topk_mse_10,CNV,250,178,0.0200840891748666,0.0084683245540167,247,0.988
ae_mse_l256,topk_mse_10,DME,250,167,0.0182984855622053,0.0120420099558267,206,0.824
ae_mse_l256,topk_mse_10,DRUSEN,250,169,0.0090853458782657,0.0058405823780518,90,0.36
ae_mse_l256,topk_mse_10,NORMAL,250,171,0.0051850596452131,0.0019825823522909,9,0.036
ae_mse_l256,ensemble_mse_l1,CNV,250,178,5.418451823818077,2.5770713176545765,238,0.952
ae_mse_l256,ensemble_mse_l1,DME,250,167,4.90583023429315,3.570321376217289,202,0.808
ae_mse_l256,ensemble_mse_l1,DRUSEN,250,169,1.8974629127302107,1.6250656197802256,79,0.316
ae_mse_l256,ensemble_mse_l1,NORMAL,250,171,0.8207758436075361,0.9352741699758972,18,0.072
ae_mse_l256,ensemble_mse_retina,CNV,250,178,6.42186874668868,3.26501228293616,245,0.98
ae_mse_l256,ensemble_mse_retina,DME,250,167,5.825515394978007,4.752234999880693,204,0.816
ae_mse_l256,ensemble_mse_retina,DRUSEN,250,169,2.044314860832554,2.2478922745759147,86,0.344
ae_mse_l256,ensemble_mse_retina,NORMAL,250,171,0.5853656680381953,0.9531463098721322,12,0.048
ae_mse_l256,ensemble_mse_l1_retina,CNV,250,178,5.42174227898285,2.5914011161116224,242,0.968
ae_mse_l256,ensemble_mse_l1_retina,DME,250,167,4.929752767486359,3.729965389857938,204,0.816
ae_mse_l256,ensemble_mse_l1_retina,DRUSEN,250,169,1.8372881936895693,1.7573440092710242,89,0.356
ae_mse_l256,ensemble_mse_l1_retina,NORMAL,250,171,0.6793223026701459,0.8829976569576347,17,0.068
ae_mse_l256,ensemble_all_base,CNV,250,178,6.729019467601791,3.3900392379439945,244,0.976
ae_mse_l256,ensemble_all_base,DME,250,167,6.039102003222691,4.868117629999461,209,0.836
ae_mse_l256,ensemble_all_base,DRUSEN,250,169,2.190165962454477,2.373553177305191,95,0.38
ae_mse_l256,ensemble_all_base,NORMAL,250,171,0.5981950230143425,0.9386480553120632,12,0.048
ae_mse_l256_bs16,mse,CNV,250,178,0.0027448238856159,0.0010724559228033,243,0.972
ae_mse_l256_bs16,mse,DME,250,167,0.0025445051235146,0.0015265691413625,208,0.832
ae_mse_l256_bs16,mse,DRUSEN,250,169,0.00126796901552,0.0005937726999735,88,0.352
ae_mse_l256_bs16,mse,NORMAL,250,171,0.0008403458502143,0.0002798126992679,14,0.056
ae_mse_l256_bs16,l1,CNV,250,178,0.0304911650121212,0.0060291988790826,224,0.896
ae_mse_l256_bs16,l1,DME,250,167,0.0293198872171342,0.0076423475006892,185,0.74
ae_mse_l256_bs16,l1,DRUSEN,250,169,0.0219172612130641,0.0039656517699697,66,0.264
ae_mse_l256_bs16,l1,NORMAL,250,171,0.0196977569162845,0.0035477381702477,24,0.096
ae_mse_l256_bs16,retina_band_mse,CNV,250,178,0.003171193621587,0.0011554221740184,241,0.964
ae_mse_l256_bs16,retina_band_mse,DME,250,167,0.0030139313023537,0.0018335214315242,203,0.812
ae_mse_l256_bs16,retina_band_mse,DRUSEN,250,169,0.0015401151701807,0.0007544279939508,74,0.296
ae_mse_l256_bs16,retina_band_mse,NORMAL,250,171,0.0010147480808664,0.0003425537235895,9,0.036
ae_mse_l256_bs16,retina_weighted_mse,CNV,250,178,0.0030322552938014,0.0011049161232599,242,0.968
ae_mse_l256_bs16,retina_weighted_mse,DME,250,167,0.0028581042932346,0.0017111083565095,207,0.828
ae_mse_l256_bs16,retina_weighted_mse,DRUSEN,250,169,0.0014484082930721,0.0006897174488896,89,0.356
ae_mse_l256_bs16,retina_weighted_mse,NORMAL,250,171,0.0009526758869178,0.0003095535796234,10,0.04
ae_mse_l256_bs16,topk_mse_5,CNV,250,178,0.0335481916815042,0.0137935004417564,245,0.98
ae_mse_l256_bs16,topk_mse_5,DME,250,167,0.0305685838703066,0.0200721276955279,210,0.84
ae_mse_l256_bs16,topk_mse_5,DRUSEN,250,169,0.0148651208151131,0.009060446861569,88,0.352
ae_mse_l256_bs16,topk_mse_5,NORMAL,250,171,0.0080930557455867,0.0027390397929988,7,0.028
ae_mse_l256_bs16,topk_mse_10,CNV,250,178,0.0208973591644316,0.0083113683305289,245,0.98
ae_mse_l256_bs16,topk_mse_10,DME,250,167,0.0191749824527651,0.0122844830951807,209,0.836
ae_mse_l256_bs16,topk_mse_10,DRUSEN,250,169,0.0091153790233656,0.0051015081274739,92,0.368
ae_mse_l256_bs16,topk_mse_10,NORMAL,250,171,0.0053130999617278,0.0017023783100238,8,0.032
ae_mse_l256_bs16,ensemble_mse_l1,CNV,250,178,5.459556976329052,2.56655019596793,239,0.956
ae_mse_l256_bs16,ensemble_mse_l1,DME,250,167,4.965195109679206,3.56441888020321,203,0.812
ae_mse_l256_bs16,ensemble_mse_l1,DRUSEN,250,169,1.822178075375474,1.4570507306686764,78,0.312
ae_mse_l256_bs16,ensemble_mse_l1,NORMAL,250,171,0.8003354175577538,0.8993033569934027,19,0.076
ae_mse_l256_bs16,ensemble_mse_retina,CNV,250,178,6.46068663377044,3.1778634591293087,244,0.976
ae_mse_l256_bs16,ensemble_mse_retina,DME,250,167,5.921024421562087,4.788856140298195,208,0.832
ae_mse_l256_bs16,ensemble_mse_retina,DRUSEN,250,169,1.927385716042238,1.902851258489796,90,0.36
ae_mse_l256_bs16,ensemble_mse_retina,NORMAL,250,171,0.5523415534217548,0.8612696139678034,10,0.04
ae_mse_l256_bs16,ensemble_mse_l1_retina,CNV,250,178,5.452459311628653,2.550322018026773,243,0.972
ae_mse_l256_bs16,ensemble_mse_l1_retina,DME,250,167,4.999600356054049,3.754823408517201,205,0.82
ae_mse_l256_bs16,ensemble_mse_l1_retina,DRUSEN,250,169,1.7488707927336884,1.5230575610886028,85,0.34
ae_mse_l256_bs16,ensemble_mse_l1_retina,NORMAL,250,171,0.6557855594857233,0.8290417099232831,17,0.068
ae_mse_l256_bs16,ensemble_all_base,CNV,250,178,6.655484618338372,3.198875368620406,243,0.972
ae_mse_l256_bs16,ensemble_all_base,DME,250,167,6.037146844710557,4.779586600770954,210,0.84
ae_mse_l256_bs16,ensemble_all_base,DRUSEN,250,169,2.0308099350871225,1.981289481988022,91,0.364
ae_mse_l256_bs16,ensemble_all_base,NORMAL,250,171,0.5562317345029867,0.8165815834215007,11,0.044
ae_mse_l64,mse,CNV,250,178,0.0035619457364082,0.0016312526793905,247,0.988
ae_mse_l64,mse,DME,250,167,0.0030978440244216,0.001964194572538,203,0.812
ae_mse_l64,mse,DRUSEN,250,169,0.0015761749653611,0.0014486621534936,85,0.34
ae_mse_l64,mse,NORMAL,250,171,0.0009549764174735,0.0003437778055761,15,0.06
ae_mse_l64,l1,CNV,250,178,0.0342648763880133,0.0073492813295104,228,0.912
ae_mse_l64,l1,DME,250,167,0.0319330512434244,0.0087864355372535,190,0.76
ae_mse_l64,l1,DRUSEN,250,169,0.0233833025880157,0.0049504757108683,70,0.28
ae_mse_l64,l1,NORMAL,250,171,0.0206379725821316,0.0036871481903902,22,0.088
ae_mse_l64,retina_band_mse,CNV,250,178,0.004100111215841,0.0016900433614239,244,0.976
ae_mse_l64,retina_band_mse,DME,250,167,0.0036535199091304,0.0022683959946576,201,0.804
ae_mse_l64,retina_band_mse,DRUSEN,250,169,0.0019413360776379,0.002026013783791,76,0.304
ae_mse_l64,retina_band_mse,NORMAL,250,171,0.001162286395207,0.0004244562993207,11,0.044
ae_mse_l64,retina_weighted_mse,CNV,250,178,0.0039251610022038,0.0016475948065868,245,0.98
ae_mse_l64,retina_weighted_mse,DME,250,167,0.0034695792912971,0.0021456425060594,206,0.824
ae_mse_l64,retina_weighted_mse,DRUSEN,250,169,0.0018186714679468,0.0018282883662004,79,0.316
ae_mse_l64,retina_weighted_mse,NORMAL,250,171,0.0010887691692914,0.0003850603146754,9,0.036
ae_mse_l64,topk_mse_5,CNV,250,178,0.0437520919963717,0.021966922211691,247,0.988
ae_mse_l64,topk_mse_5,DME,250,167,0.0374286143369972,0.0263657430173056,206,0.824
ae_mse_l64,topk_mse_5,DRUSEN,250,169,0.0193006977308541,0.0210672851366833,86,0.344
ae_mse_l64,topk_mse_5,NORMAL,250,171,0.0095637743454426,0.0042857000943451,8,0.032
ae_mse_l64,topk_mse_10,CNV,250,178,0.0273249165639281,0.0130094698388641,247,0.988
ae_mse_l64,topk_mse_10,DME,250,167,0.0234648334644734,0.0158416866088473,208,0.832
ae_mse_l64,topk_mse_10,DRUSEN,250,169,0.0117721853870898,0.0132462930263186,85,0.34
ae_mse_l64,topk_mse_10,NORMAL,250,171,0.0061998940883204,0.0024572207325042,9,0.036
ae_mse_l64,ensemble_mse_l1,CNV,250,178,6.161909281829111,3.200506737165298,245,0.98
ae_mse_l64,ensemble_mse_l1,DME,250,167,5.205771417315618,3.8629424525486336,198,0.792
ae_mse_l64,ensemble_mse_l1,DRUSEN,250,169,1.9679109750591464,2.6251507458161525,79,0.316
ae_mse_l64,ensemble_mse_l1,NORMAL,250,171,0.7309005782227453,0.8984259915710917,15,0.06
ae_mse_l64,ensemble_mse_retina,CNV,250,178,7.219842775751298,3.995510393654689,245,0.98
ae_mse_l64,ensemble_mse_retina,DME,250,167,6.096549633077744,5.053453480640498,205,0.82
ae_mse_l64,ensemble_mse_retina,DRUSEN,250,169,2.173416186308038,4.096889568428446,83,0.332
ae_mse_l64,ensemble_mse_retina,NORMAL,250,171,0.4942923538815915,0.8896610313170242,13,0.052
ae_mse_l64,ensemble_mse_l1_retina,CNV,250,178,6.110312800920055,3.167838444702596,245,0.98
ae_mse_l64,ensemble_mse_l1_retina,DME,250,167,5.184502862621451,3.987154337661969,204,0.816
ae_mse_l64,ensemble_mse_l1_retina,DRUSEN,250,169,1.920292816756615,3.029578693179772,84,0.336
ae_mse_l64,ensemble_mse_l1_retina,NORMAL,250,171,0.5925507490871398,0.8349410759751084,16,0.064
ae_mse_l64,ensemble_all_base,CNV,250,178,7.337669497882428,4.02906616720904,246,0.984
ae_mse_l64,ensemble_all_base,DME,250,167,6.152505612709644,5.016389950472176,205,0.82
ae_mse_l64,ensemble_all_base,DRUSEN,250,169,2.27277089399355,4.042862099850647,82,0.328
ae_mse_l64,ensemble_all_base,NORMAL,250,171,0.5118613766301173,0.8825115420328252,10,0.04
vae_msekl_l128,mse,CNV,250,178,0.0080201843166723,0.0043104634945709,231,0.924
vae_msekl_l128,mse,DME,250,167,0.0069520513336174,0.0040126460389924,184,0.736
vae_msekl_l128,mse,DRUSEN,250,169,0.0033391410866752,0.0020253297537717,41,0.164
vae_msekl_l128,mse,NORMAL,250,171,0.0023873342275619,0.0011028041722824,14,0.056
vae_msekl_l128,l1,CNV,250,178,0.0508638577833771,0.0119038966217675,224,0.896
vae_msekl_l128,l1,DME,250,167,0.0452959380373358,0.0124889920530827,174,0.696
vae_msekl_l128,l1,DRUSEN,250,169,0.0334571616798639,0.0083865715157161,38,0.152
vae_msekl_l128,l1,NORMAL,250,171,0.0300940632000565,0.0068535976780853,15,0.06
vae_msekl_l128,retina_band_mse,CNV,250,178,0.0091383785614743,0.004411849627316,219,0.876
vae_msekl_l128,retina_band_mse,DME,250,167,0.0081600939542986,0.0046277843482026,169,0.676
vae_msekl_l128,retina_band_mse,DRUSEN,250,169,0.0040817418820224,0.0024384116452463,35,0.14
vae_msekl_l128,retina_band_mse,NORMAL,250,171,0.0029634531955234,0.0012932749578533,10,0.04
vae_msekl_l128,retina_weighted_mse,CNV,250,178,0.0087759125316515,0.0043438128513221,226,0.904
vae_msekl_l128,retina_weighted_mse,DME,250,167,0.0077599483290687,0.0043716259033876,183,0.732
vae_msekl_l128,retina_weighted_mse,DRUSEN,250,169,0.003832627907861,0.002271509950637,39,0.156
vae_msekl_l128,retina_weighted_mse,NORMAL,250,171,0.0027610479998402,0.0012014346910259,12,0.048
vae_msekl_l128,topk_mse_5,CNV,250,178,0.099004620552063,0.0639140672988397,225,0.9
vae_msekl_l128,topk_mse_5,DME,250,167,0.089485078677535,0.0538859170434136,182,0.728
vae_msekl_l128,topk_mse_5,DRUSEN,250,169,0.0421933161541819,0.0303421134116947,38,0.152
vae_msekl_l128,topk_mse_5,NORMAL,250,171,0.0279457214735448,0.0157621061259905,9,0.036
vae_msekl_l128,topk_mse_10,CNV,250,178,0.0622857896462082,0.0367966425029015,228,0.912
vae_msekl_l128,topk_mse_10,DME,250,167,0.0557291942313313,0.0330425581102722,185,0.74
vae_msekl_l128,topk_mse_10,DRUSEN,250,169,0.0255414428561925,0.0172449242167375,39,0.156
vae_msekl_l128,topk_mse_10,NORMAL,250,171,0.0172570634093135,0.0086923098755442,11,0.044
vae_msekl_l128,ensemble_mse_l1,CNV,250,178,5.032112964459509,3.0139104299129595,231,0.924
vae_msekl_l128,ensemble_mse_l1,DME,250,167,4.049580280568419,2.9706022615989336,186,0.744
vae_msekl_l128,ensemble_mse_l1,DRUSEN,250,169,1.2763704519111094,1.6239417462617425,40,0.16
vae_msekl_l128,ensemble_mse_l1,NORMAL,250,171,0.5265697806541607,1.0489880112255208,17,0.068
vae_msekl_l128,ensemble_mse_retina,CNV,250,178,5.152831847229505,3.5766350272081304,226,0.904
vae_msekl_l128,ensemble_mse_retina,DME,250,167,4.293869435936267,3.481850049867451,184,0.736
vae_msekl_l128,ensemble_mse_retina,DRUSEN,250,169,1.1412283687073823,1.7925549631856148,40,0.16
vae_msekl_l128,ensemble_mse_retina,NORMAL,250,171,0.2965816426739199,0.9529552795063486,12,0.048
vae_msekl_l128,ensemble_mse_l1_retina,CNV,250,178,4.724223627896888,2.912374246693377,229,0.916
vae_msekl_l128,ensemble_mse_l1_retina,DME,250,167,3.85961217362992,2.930311821111778,183,0.732
vae_msekl_l128,ensemble_mse_l1_retina,DRUSEN,250,169,1.137051257342952,1.5777377467669802,41,0.164
vae_msekl_l128,ensemble_mse_l1_retina,NORMAL,250,171,0.3975997221714656,0.94012637030594,13,0.052
vae_msekl_l128,ensemble_all_base,CNV,250,178,5.183110557067733,3.583482839512728,228,0.912
vae_msekl_l128,ensemble_all_base,DME,250,167,4.354241516916291,3.3916428393458964,185,0.74
vae_msekl_l128,ensemble_all_base,DRUSEN,250,169,1.218591436209007,1.8064242727365551,42,0.168
vae_msekl_l128,ensemble_all_base,NORMAL,250,171,0.3462516097447322,0.966413016199815,13,0.052
